"I1","I2","I3","I4","I5","I6","I7","I8","I9"
1.92104268380799,2.45307175957839,0.666042650283759,0.14784733942538,-0.136372214632664,-0.230685273356906,-0.19862400327725,-1.08204235609205,-0.777821414332659
0.479269804027492,1.03924483086815,0.44722922315596,0.475117213073112,0.684067756477068,0.51436057799105,-0.0149035082804584,1.19322312386604,-0.595775724038426
-0.847692844676395,0.545653245686359,0.632440306526439,0.270737281936882,-0.814535425425011,-0.249856548357561,0.852348828550247,0.319562383463854,0.293919162607091
-0.549404907771662,-0.527179476143125,-0.268748779001418,-0.900507945582852,-0.719797959616105,-2.70887984767732,1.03203325888129,0.468103920476483,-0.45343743101048
0.280518821055129,0.357263097033556,0.936413361192998,0.921981163468675,1.72219238411115,0.927343583569565,-0.529859836026757,-0.763467137760388,0.672471525983938
-0.449660358574513,-0.620792534924344,-1.28373527425438,0.804320044653478,-0.0838504422771535,1.56712727674001,-0.632912133542878,0.164197560041944,1.93172334218668
-1.3222716070981,-0.199411513127331,-0.36761148459585,2.17849611067248,1.66735236866985,1.39231079726894,1.06963798930493,0.861261727529498,-0.0087567098608155
1.16428442637287,-0.28365805967821,-1.45191697833768,0.110316665250373,-0.413770878555925,-1.02940818808164,0.708147727729108,-0.144471894492151,0.792404452677932
-0.056085122265272,-1.46152850007861,0.655572971196231,0.84025780582245,1.40199193436105,1.49385456566682,-0.434781382347208,-0.431881042294974,-0.381745104396306
0.44931906055747,1.16689542092501,1.12217427290049,-0.405211491254851,0.507934294261154,0.351016128582706,-0.00317607011691869,-0.352396559920489,1.19059154635818
-0.794421921443039,0.774408065833422,0.499038131426401,0.466810764035686,0.27924599258343,2.17295510310429,-0.642254395952856,1.1289918080952,-0.161040563400931
-1.07974220141467,-0.729950951900925,-0.750528435001795,0.330001232621537,0.592641112833702,1.5039840527716,-0.106435961678398,-1.28939212412655,-1.43578713339212
-0.822873831626092,-1.47436134763618,-1.06805848077623,-1.69251959263881,-2.3650684749833,-1.01876826647263,-2.85952148359027,-1.74543056854151,-1.37289687590805
0.474311095737437,0.436133744236757,-0.0935424995554378,-0.00962982548917229,0.843506421160064,0.598724499146007,2.01780717673245,1.27322250150245,1.33545722390059
-0.22641178507127,-1.28869670520577,-1.79564148935584,-0.418640269443093,0.666446574284203,0.19174982248164,0.531868313562523,0.0443334541392201,0.761994042813149
-0.260867194528365,0.985858909095454,0.588395649059665,-0.684396829887755,-0.619962347484161,0.836630534306974,0.456215150029681,1.20072995794784,0.619746170965765
0.979187065375644,-0.666100116029121,-1.28187303777069,1.46684361693002,-0.245424826709292,0.730234076326616,0.47689157268194,0.969404802074445,0.36846712961728
0.459452774905718,0.18659841897482,0.785750353030359,0.35395506089389,0.0652363797229691,0.618731484640521,-0.391709378371484,-0.609741094301196,-0.962085912593407
2.16815400507251,0.921074800999158,1.20827067324232,0.411184468801279,0.361362511266403,-0.874003219580503,0.929353406408085,0.0922212873372504,0.5817723133662
-1.30670743151308,-0.65233317007387,-0.693350817165,-0.315709059521577,-0.975078723225049,0.472941457452276,0.125619013487812,-0.874556976029086,-1.0427876238428
-0.205848693171575,-1.07058827252327,-0.0422450924822165,-0.260028789897612,-1.20735060698093,-1.2155486930772,0.354456048086704,-0.42719827004486,-0.923595804459215
-0.337808271486725,-0.812138508404222,-1.07815113194935,-0.993125716685747,-0.456746905932584,-0.031692599061431,0.15916628671141,0.461425997556169,-1.45363487990382
0.872308532011981,-0.189691490539867,1.31479436214974,2.82284282541194,2.09345302930554,0.794304795008369,0.0524618858608015,0.392863174598336,-0.0034750648950187
-1.25021248830148,-2.02965707419273,-1.99967273107669,-1.40952432450021,-2.22740390612731,-0.654075973674145,-1.47929651795698,-2.08765608944583,-2.23634741523377
0.0186190971605784,0.374740061648103,1.12798428744898,-0.696305960419155,-0.670586373236827,-1.30119143210912,0.794490381653211,-0.235939980677482,0.93718155228854
-1.33115182265193,-0.411255047805696,-0.368824773827072,-1.02021694492664,-0.878301432317714,-2.20414017167381,0.632369340428522,-1.43285786533106,-0.232018472408172
-0.868891970252595,-1.93191426049385,-0.459216700596695,0.299833917184613,-0.452049299236649,-0.266819376823352,-0.708868950420628,-0.0922823956155753,0.0212978303958147
-0.179860263604517,-0.595630874233443,-1.0999772092743,-0.299125484203006,0.613889757094744,0.462671567894191,-1.2556702923439,0.528829730765439,0.872659656217252
-0.448071079077836,-0.400958510694113,-1.22987652184541,0.153094136025065,1.25736839506997,0.798083602852378,0.503261214300428,0.945419538464376,-1.06844031760439
0.483963373632383,0.416272941094149,0.59761702129572,1.1749781186208,1.1630808211415,0.183031524185344,0.159575454050649,-0.578288184593557,-1.99330685257616
1.98404996094841,1.5761066503498,1.11472782813199,3.00327785082141,3.41869536632647,1.8738689048531,1.83339859583069,0.876267216537275,1.20863785731639
0.673297532620676,0.621373319317944,0.774160589694883,0.501703855331974,0.312899414826345,-0.206187319632098,0.902155416508342,2.04257215323088,0.903118956654531
2.01822972146188,1.81484610889415,2.73833874097315,0.815519692282672,0.117217852534382,-0.432242086915411,1.99970988274113,1.7261610387857,1.18771552913874
0.287313917268473,0.953383356804179,-0.0458815050111648,1.43974445489793,0.699934590215113,0.629911245523374,1.02061928718164,0.31970823523755,1.19352645927249
-0.379106007392793,-1.09928617055911,-1.22362155868816,0.289307816243503,1.97354977074839,0.325583524706397,0.842995640699869,0.996545606322235,-0.0374455782829841
-0.34671368802387,0.178732646795693,-0.855737410353345,-0.0457906877594873,-0.66555646377059,0.0681153457260758,-0.859819744276426,0.000945502791473651,0.337015845035903
0.469428980739795,-0.014738921061117,0.689441582310615,-1.34036912611292,-0.759534918336698,-0.0374461075741638,-0.238595000804102,0.525134604885698,-0.731365354628578
-0.155158297335131,-0.58375395293449,-0.280003389384754,-0.580842034522909,1.53837039312849,0.271349276973005,0.471152870038419,0.750098431368021,0.507154257891166
0.0233155535077212,-0.966436588699445,-0.28433834917318,-0.0264297821001427,-0.287531033408723,-0.717634118391004,-0.268362599668833,-0.440135450185923,-0.930021496755184
-0.249889352606835,-1.8782745759335,-1.31039992317214,-1.04083709040094,-1.20594124437382,-0.941467858051316,-1.06302471521325,-1.05649077175041,-0.779716337783346
0.581388741997967,-1.62504826050358,0.200411526171215,-0.665985808760363,0.473752659523177,-0.717463279969117,-0.820269894175265,-0.70091704367736,-0.823444969181023
1.16058982669024,1.23069256539014,-0.600740290951541,1.2925748809918,1.11359077831067,-0.143070922305368,1.3348261213341,1.03242112596665,1.1045055404054
-0.559180229951332,0.282749699543766,0.129573698706032,-1.63833155512562,-1.70346152201019,-2.41047071224166,-1.3254394200839,-0.835831196145494,-0.259379003373385
2.02160158497813,1.54323838394212,1.84133794834597,0.944403849272624,1.83309122627351,0.983606769349053,1.17418714357035,0.0741138015467177,1.29847979674857
-0.550690578584173,-1.48339390076095,0.185930514231101,-0.385424682390058,-0.242618370962898,-0.940812738150131,-0.616177385182257,-1.17205677315655,-1.97977453863673
-1.77523023271516,-2.00764178356276,-2.28554442018693,-1.66626842964536,-1.47661165279732,-2.23155726658271,-1.50256407266758,-2.51196023920469,-1.8057402908936
-0.578445722228782,-0.661967758436529,-2.29269098017565,-0.394569944643841,-1.10665008667922,-2.86515772463567,-0.700174360078188,-1.38121517341183,0.0470507612871652
-0.805889261533977,-0.683257231427509,-0.529787214365818,2.11059847521594,0.293944394347703,0.198588312574392,-1.67879050683609,0.175946360410853,-0.401509150959978
-2.10097787353153,-0.969802815212933,-2.18289633027114,-1.04946199634658,-1.47419287799576,-1.08365748309653,-2.04277850462978,-1.61495492600329,-0.551703625359377
0.128076956215181,1.11014723965952,0.280922722674331,-0.973342169982326,-1.20065119409495,-0.21814348124956,-0.541266980578804,0.363010192170419,-0.72867874738304
-0.371566691350168,0.816091175202988,0.0907629488684627,-0.0407464428631354,-0.576431235939002,-0.814690601466594,0.133621895962073,0.0319656431052587,-1.15546113712639
-0.489029824607293,-0.504744062926891,-0.206649254628988,1.55828219742918,0.0892488474590775,-0.226847405087858,0.49808107484737,-0.503655680839274,-0.17340824826119
1.1075551048853,0.0298277038217555,1.02409703502524,-0.412845859178697,-0.629839862786961,-0.829197871252551,-0.240935890630771,-0.579943937616242,0.812976730249059
0.523546673804393,-2.1146373623965,0.114879291272756,-1.24353376215587,-2.59217786803392,-1.83566831854638,-0.649359272743609,-1.28161706055001,-0.367938991372028
0.724826377760521,0.658930469999947,0.833576666630119,1.649362049018,1.21064810634695,0.896069614122252,1.76974031173962,1.35376834573661,2.38741093655913
1.69087105178948,0.497904114706343,0.838949765777497,0.875803110468351,2.80454698551552,1.2415797657911,0.565565080673645,-0.186371939463652,0.854013656080325
1.10379395599234,1.29391259893754,1.58564242931567,1.08641121298745,1.1379019729264,1.41355362356295,-0.712453768547869,0.243109869252326,1.27080731924987
0.742751798309659,0.249969178273226,1.52287979772089,0.85493687864382,0.582760199745436,0.175684044192871,-0.295315609624536,0.136874566596143,0.1107664606088
0.0681813971372277,-0.488957308880287,-1.43650506415934,-1.73092762016356,-2.18085795868087,-1.88809352247887,-0.80263476128416,0.169157342499086,-1.0577681362148
0.64254249700054,0.871283561833715,1.10725591287674,-0.291752700814094,0.408564160682314,-0.387506722953601,0.582080449569215,1.11891278942358,1.3933298523204
0.367040854109622,-0.881234087540957,-0.0399623120505048,-0.35659005573086,-1.59837963673281,-0.643090190484771,0.152251005170782,-0.908308376410977,-0.451843348273766
-1.96210337544884,0.0305620243706796,0.519789824784395,-0.364338065560193,-0.341413176713671,-0.741366612804706,-1.69730768389461,-2.88897736253326,-2.17470192094491
0.140022602151563,0.0299114180000641,0.61730137901842,-0.579466189562326,-0.908218418744502,-0.962408707717267,0.773238601898918,0.0940038980272414,1.38359545806032
0.334717506008292,0.240372094383295,0.534460498706239,0.943722825303742,1.07913104724433,0.28177273943092,-0.294589078715469,0.780691863543399,0.299120714189096
1.1133610681481,1.50248779843211,0.708558455968595,-0.299887120559133,0.726392971901251,1.16333893984695,2.32005322135397,1.18662749804356,0.903228786480801
-0.749004569644392,0.706536964250461,0.012622519682738,-1.25162477089159,-0.166849483606335,-0.447614140403752,-1.10466353994735,-0.765302870751564,-1.01270084585088
1.32181564792638,1.14404586392857,0.948569920966948,-0.897106481260312,0.122263220403989,0.851971058961483,1.54481840076258,-0.128995350968038,0.973366861769331
1.35731905897056,1.85827795868425,0.914835638597615,-0.274100811457777,0.258290258184588,0.128898318089904,1.23386152761157,0.70516458798391,0.882460452698092
0.858155873663861,0.0670811646954075,-0.261168281676981,0.171563611659409,-1.05661907619167,-0.544823910775204,-1.47573603370231,-0.989299092286263,-1.4703871008147
1.17450972045126,0.177213313588521,1.08175775505216,1.49180900314817,2.08169550699808,2.18615483899569,0.816721575201365,2.17611663570464,0.6374461223271
0.348874164192593,0.987536150415132,0.943763081989335,-0.806423208516802,-0.145187374790568,0.506803846421894,-0.364399433343607,-0.772577578714122,-0.116494001459732
-1.48038884046473,-0.651941797140786,0.207173804583835,0.0737902615974942,0.572775603070748,1.22987064998497,-1.07197682439743,-0.532638867051528,-1.22942827963384
-0.282040958855948,0.308217261652464,0.336218577864258,-1.8190646589113,-1.55705644085815,-0.497845401715523,-2.10094556351573,-2.15609593610742,-2.03541989886144
0.454509965787488,-0.382040017464069,0.548635625606072,-0.174108471374803,-0.566375893238807,0.130996426553108,0.605349508666259,1.15637348442835,0.056363639089748
-1.0680600409383,-0.472058919402598,0.18965119428679,-0.670839349060766,-0.475707548596961,-1.91926825801902,-0.640199829043206,-0.0987269880570802,-0.717618852185914
-0.424485988509252,-0.204419848713157,0.277107012371826,-0.633671992433843,-1.51778048140118,-1.88544826600902,-1.36309524125223,-2.25515577701871,-1.23398523583923
-0.407805580723282,0.506978714143536,0.092266621288274,0.200742913110612,1.02926263189367,0.942684012523223,0.0169275465384465,-0.33452262020629,-0.254605154854374
-1.11574090733743,-0.228213176081523,-0.575126781616882,0.559672313195201,0.280019450979185,-1.14452944777241,0.21766667064066,-0.724915715197046,0.612599162147147
0.686268093648985,1.74883563966154,0.994532013024498,0.0514154095769225,-0.0924212517038583,0.311958102280996,0.556217641769297,-0.794621683926421,-0.225483004868798
-0.516667234163421,-0.122301113254103,0.177147166531424,-1.03978888534206,0.257692271821375,0.935322333584496,-1.22526698029144,-0.777597535473228,-1.86863673828968
-0.331622793197525,-0.561258956298667,-0.58176168331973,-0.182579432340227,-0.341897792272314,0.758185193630452,0.971596917556898,1.9505332262673,0.345913355015019
1.77687358428162,1.14690480079522,1.11980341966892,-0.138410941002319,0.959288514536312,1.0169699011331,0.0037208086243446,-0.0275482479891394,0.824888664108192
-0.131585877023531,-0.964379561369383,0.171120321146869,0.0585453838267861,0.955591202896885,0.0322473665247753,-1.27399394685142,-1.23429745009712,-2.93463694682611
1.45422227683205,1.41393968035583,0.678091183135927,0.834287894924437,0.724278980180134,1.18297141778747,0.793918891352151,0.20192739177153,0.177754541554616
0.0846398241671263,-0.185262753362706,0.669418543817063,-0.213137346985353,-1.53227315849189,-0.226058946641577,-0.461916876436819,-0.668717146195139,0.130983582527678
-1.36908623069615,-0.890229588357326,-2.08120185878766,0.853994030326206,0.175889779468046,-0.139356460000069,-1.42302973607171,0.166034036385528,-1.4743483814731
-0.835987921693421,-1.09720764532,-0.00974173462880168,-0.432067054567469,-1.15889730462328,1.66530588917857,-0.929686018388286,-0.0280811202358326,-1.89500369574729
0.472150471053404,-0.0725319766500446,0.972217276482922,2.82637031830119,1.06543996094847,0.535758117346627,1.39125591909826,2.78996231481728,1.19992326029017
0.151046078830458,0.767361913186383,0.593984068014702,0.603281416918161,-0.067050615063495,0.277943789914204,-0.26810103736911,0.425619851909641,-0.273905380172159
0.570227486216621,-1.20178865510748,-0.295938791790359,-0.93413966803623,-1.85629745687602,-0.785735649619695,-0.532066520247363,0.061300449635637,0.359034806312677
0.194151855393927,0.64289700994726,0.668288710759667,1.27183991970114,1.23032328593756,1.00786744369611,0.605973261318076,0.0222330892205241,-1.97149642457087
0.748497146122413,1.25205431517226,-0.348952250400298,0.623402533899356,-0.970587742506758,0.605974356604198,1.41364066111689,1.32730247565927,0.16829856112885
-1.74080016443154,-2.16916498359271,-1.17184408815079,0.205044383818772,-0.747655900545875,0.199896984166545,0.340181883252319,1.3335741946043,0.75277679343295
0.193881332516928,-1.39178838524255,-0.246965979317331,2.2565384202828,0.446239360279094,0.904196532970651,0.790921333852202,0.302003859515529,0.608398689084277
0.870555303754989,0.800995573087002,2.60616234919431,1.96007564755597,1.01744455962502,1.67145219793655,0.507615942528644,1.11193041561024,0.955316321068259
1.18639664339864,0.852200747803365,1.39230032834577,-0.33300925923877,1.52389667355935,0.565220979987911,-1.4176463947626,-1.61721595083742,-1.38090015632092
-0.591891718173145,-1.32554794012238,-0.67654219246961,0.298034060702105,0.026375870403523,1.43797021973686,0.45087108772003,0.153600965154215,-1.01201764347116
-0.362594741870205,-1.09777922808667,-0.836058657617726,0.0968090712980241,-0.325129281536241,0.462234010736673,0.0389080441808584,0.764730707446899,0.197270737735991
-1.84362061485808,-1.58447772352463,-1.21698693449284,-1.5226684890397,-1.27987809770552,-0.861688509162842,-2.02148910999681,-2.22345301555575,-2.36023580228724
-1.61303077535917,-0.173976238820537,-1.92659127475823,-0.604671208711759,-0.937133993379183,-0.71369572316964,-0.766880646073248,-1.3851760748109,-0.761296012700625
-0.160416007022501,-0.572924530122961,-1.80622520211345,0.38374574691455,-0.71479357010106,0.279689526473199,0.40693079911848,1.58931767707927,0.354958110364566
1.9424200771867,2.01191576613008,0.256529197736922,-0.27829879734163,0.493536635267843,0.553326741562258,0.18724233434497,2.24212969152826,2.22303581462243
0.550076349344987,0.375645276501205,0.126180913698654,-0.072993191384459,-0.702384786066178,-1.63275186819343,0.667572550357241,0.525314163257084,-0.475215117345615
-1.56065498905734,-0.660520770025524,-0.694928046638575,-1.32306357748717,0.882216627196997,-0.315520564095218,-0.078576720258551,-1.51171522085175,-0.680224921301245
0.764741009202999,1.43623708375749,0.961388658029468,-0.759589893133513,-0.626189193337371,-0.731397590169617,0.0793932417299595,-0.405229300882017,-0.735644869018608
0.109556989497277,-1.25717596189703,-1.61333266607895,1.58146756644374,0.0242200550056379,0.543848635198208,0.428670687351586,0.370016534081269,1.80985577804771
0.957966844852489,0.180832546844635,1.33764947297073,1.59872705313062,0.611486794665326,-0.541044752958171,1.00382142531301,2.06216040051369,1.64419023556106
0.00903082622608484,0.0885756342394078,0.452742765926988,-0.263672943695701,0.264354798430168,-1.01982358541044,-0.806227878029944,-0.288055579387115,0.114342773304774
-0.123821593394149,0.309337880805066,0.22317113570917,-2.43771552578582,-1.90363166035872,-1.8948479057597,0.477435798081418,0.551034601298758,-1.2442607882114
-0.346424815930729,1.00245699482647,1.77854089976231,0.198263810830332,0.885470449289828,0.440928371494847,0.974281369302587,0.410886374226692,0.479131024730305
0.779703915513193,-0.353049623438254,0.124515518464348,-0.00223337858229359,-0.581008418101966,-0.700269340982527,-0.158738070137322,-0.834165125360442,-0.28687553587712
2.35041937285414,1.22127358049038,1.73724356329015,-1.2445533752766,0.100630206353457,0.81241717707651,-0.614699623526751,0.935409497369469,0.472706512955407
-2.39455584617317,-1.46571794406875,-0.452994630667737,0.268568337407657,0.595628393553946,0.278629462275164,-0.129853081495667,1.30392480391221,1.43472941096397
-1.28919657488329,-1.13949071485241,0.775050544299474,0.206316624706853,-0.526951837204797,-1.18973327394215,-1.05327589086782,-0.976412715426538,-1.05427496725431
0.901119315660377,-0.0432999083252063,1.87347570505037,0.289270769818721,-0.119826790808661,0.182098033371274,-1.36924707233524,-1.45283987703907,-0.68955656332263
0.660100348189669,-0.261148667727557,-0.152267180528179,0.578645163954078,-0.378312517796313,0.481995363889312,0.717414782005338,1.43092935924961,0.913519216150237
0.389295587894498,1.43103588449475,0.786389174137807,1.34998989766205,1.41808646122421,2.44460088814892,2.39754823435115,2.27654556211494,2.08308141782065
-1.50914796221331,-1.15504362023683,-2.3895683296549,-0.725857425597602,-1.2815602960011,-0.716175951867577,0.554568849303612,-0.658910788495146,-1.75562304010709
1.63961096952684,1.18090530347061,0.0706232304657806,-0.365076508279948,-0.00220824884899759,0.94611865745064,0.318478125244459,0.414004991632153,0.240646755588948
0.668553247536319,1.13258022643676,0.996296253481593,-1.0035488982138,0.679712462979867,0.820376490190946,1.50301336134019,0.530526934434721,-0.672818763573711
-1.68885659110585,-1.33423131261086,-0.565232194702714,0.0250285722338318,0.721772615006958,0.756207968377552,0.190133194915837,-0.469200990882371,-1.11418743402093
0.0920702795417809,0.0908840674167059,0.146647405310846,-0.704109456864474,-0.896171707557638,-0.661362093357368,0.681973921442255,0.172654668655615,-0.0200121638615244
-0.271003257609466,-0.64520876266433,-0.745337616828738,0.221404799876758,-0.829676448930205,0.680763525743231,0.460187448547245,0.722537913750601,0.0472049833744291
-0.374895466465782,-1.37924443049114,-2.49377809300581,-1.64033469763258,-1.46820647881528,-1.47773670973272,-1.69195363605674,-1.44943290722404,-1.39972326525791
0.190283576091118,-0.285550347291794,-0.0808132214133572,-0.57965244414186,-0.414837954668719,0.159074770041724,0.79652145903263,0.00151015758728479,-0.599714642437462
2.04148014773108,0.288382427907771,0.510884677895132,-1.04956229409532,0.498537024827106,0.155806515110702,1.25479831480452,1.72725947489746,0.655815961166255
1.25595672958759,-0.0332977724169181,-0.0266074312617902,1.09584851224187,0.646724208812336,0.858766764254886,-0.77678942440318,-0.950834580761138,0.401235028998728
-1.93603602085397,-0.606153965778014,-0.947250282402418,0.17917491359289,1.34324630565303,-0.159025016008494,0.911603584769729,-0.840255490528229,0.0985029855444538
1.62766746433251,-0.0949506541666008,0.233532244529892,-0.653341567129316,-0.195522091748266,0.19193726047716,-1.15900773400723,-1.47521558586692,-1.33235499740738
0.888648328136898,1.14718874551903,0.324194667581954,0.374403598277027,-0.429412791029276,-0.386735700180429,0.501429399109384,0.684309865987446,0.527656077252731
0.312782421622052,-0.0236445681867564,-0.0370680512605217,-0.314479955217571,0.229371211124232,-0.518364186295469,0.26692765400966,-0.181508945321797,0.791945962533377
1.70593766831392,-0.127444997995532,0.699084971299118,0.794414414183116,-0.324338881976213,0.997724731330204,1.51619935888837,2.8044470910678,2.14994366043483
0.605283645086419,-0.0232145185558764,0.0694857272042489,1.46240183045845,1.3065295332132,0.695900831404223,0.0179007517917616,0.751601769753844,0.00389947521009912
-1.19570464310126,-1.08323339786629,0.80603131423486,-0.618453965981943,-2.10310513144834,-0.26604116488946,-0.928082455442413,-0.132345228943558,-1.05758710499146
-2.80999006078349,-3.05914782074133,-1.82589064931966,-1.34032181188345,-0.825231457038135,-0.879089847224897,-0.731075904662553,-1.01498111835138,-1.35650194854139
0.700519782669524,-0.86123607545815,0.774374714688227,0.814079165010676,0.411645247578309,-0.273831432536913,0.000591621989656455,0.144902984896771,0.837273857361506
0.648564967023032,-0.0251910823658895,1.34705788702026,0.327850966573859,1.36759765896133,1.83957979735628,1.03685860007736,0.703086264290159,0.269171796436146
-0.838470364379625,-0.276218008843528,-1.24293560611068,-0.193050568848082,-0.0908861853369331,-0.711188788771838,-0.757356194728813,-0.931592829015476,-1.06031026493536
-0.336467860133717,-0.516556735649001,-0.937860417859538,-0.568900691488985,-0.220593651859669,0.327580461908264,0.396698596051177,-0.167701194307625,0.859052657195792
-1.09194250670598,0.309498850013296,-1.16484317670235,-0.950789970426247,-1.28898987783223,-0.859876394005157,0.147127307767445,0.471064815865315,1.86842480864283
-1.14501982773721,0.121048824670575,-0.334743765784351,0.328562441841382,-0.261817911855418,-0.245596108124381,-1.54286693599764,-0.936885438469527,0.108361738334493
0.930064047488107,0.400543667693531,0.687383032460904,1.0481539177897,2.03162834967646,1.20265308758072,0.310552957824989,0.404366728115157,-0.625192433427235
-0.506067088119907,0.348811413655588,0.728115522048036,-0.259023997567707,-0.558896178414672,0.724606379735739,-0.92757892013746,-0.991401823275357,-0.895357459221771
-0.694484015753732,-1.59336092242164,0.569846319274948,0.987864842623036,-0.304165343951006,1.27282181978042,-0.74051159731948,0.597221115708264,0.78734787625982
0.285820868805552,-0.156714048150862,-1.53486759963101,0.182562865719285,-0.546939104203573,-0.638624848798102,-1.42343239265682,-0.332748867297496,0.0631090833388189
-0.217180043587486,0.767971823248758,0.0318002413834886,1.56401246217027,1.81570027259523,1.13807361506202,-0.200470110603459,-0.534994220678353,-0.658437619971516
-1.96624850062983,-1.63144776740136,-0.2724473281044,-0.677944613167818,-0.725927620385415,-1.40533683767171,-1.24561324158075,-1.02605546116421,-1.57217975187205
-0.649223684341123,-2.06528436119107,-2.13250690186312,-0.0921186503046618,-1.99433841757008,-1.22224820712763,-1.26811988210624,-1.36581439257559,0.30272010890159
-0.277267269811305,-0.261648294453472,-1.02239597408623,0.1264075608559,-1.04877096734209,0.0466022349722061,-2.10730196797506,-1.15482538948631,-0.0637382396817365
0.390322598667859,0.127418999676906,-0.6635549269468,-0.20634821826284,0.0686487339164815,0.379458824381304,0.794956479292018,-0.285868062133821,0.625408025279564
2.03258619570646,0.819282581930406,2.1058292423473,0.194039020406917,0.601266726727772,1.41176188963167,1.24879407974026,1.00471170531473,-0.436599910987963
-0.432686387867329,0.342453918808095,-0.251286639314191,-0.306378899675036,-0.986637272131136,-0.607275331790995,0.229223799229213,0.0375276848520715,1.37387021725912
-0.2368765768931,-0.877039858308025,-1.27496766311837,-1.7362713159015,-1.10492150252221,-0.702348660292902,-0.55992814717318,-0.312604047157113,-2.09560024946623
-1.36403736904796,-1.62686949943912,-0.889927747321536,1.26384118416682,0.25097357975308,-1.04744572472312,-0.759463644126189,0.215917663697522,-0.0877155033594307
2.77038618147644,1.75485148302825,0.859209216632898,0.0581423383729558,0.301772638782154,-0.293613677028672,1.11249316158678,0.202493919218987,0.917110585444064
0.320438915998679,-1.49123358313703,-0.353115203271778,-0.573953574388279,0.0996702210260039,-0.629981199876804,0.842996845992298,-0.166455099045509,1.03500899223635
-0.0320848145273862,-0.23235132994703,0.577229082937987,-0.345890966615891,-0.330661813439726,0.47189592542122,0.982338378445099,0.162155508432947,1.38808280659581
-0.770436977695489,-0.297804897713511,-0.460085603279439,-0.617907747024075,-1.41811010476805,0.278288715080348,0.6898227498045,-1.2314463461605,-0.6737542249388
-0.232461554917859,0.173612133414011,-0.151993257647672,-0.667617016850027,-0.878117767411897,1.74956364727588,-0.870734346909271,0.60842995082643,-0.744939967480709
0.970548826465825,0.00070627918343058,-0.323099020724448,0.110618462365916,-0.242937559838167,-1.29724873347777,0.735046360716979,1.07100328323637,1.34919499902007
-0.536430629385958,-0.589898660820214,0.398007097578726,0.57993664242033,1.65714204913931,1.15070546987699,0.462670568357564,0.324879095624593,-0.40374804045757
-0.187275847844263,-1.06478577695873,-0.798271183521796,-1.70711971817285,-1.01506290706898,-0.541674176234373,1.21623648350264,0.502940446355717,-0.262923560262254
1.58933936845886,1.16819070832066,0.803750168545363,-1.16262732652215,-0.0662068048306187,0.898001736473392,-0.76192455006297,-1.5820915339189,-0.488121948931458
0.333011566633925,-0.0858690809019583,-0.644781709816879,0.935081546847419,0.492200104329008,0.0515324485944083,-1.79527502659611,-0.459706685072972,-2.08336258590806
0.425180668541907,0.28616312023984,-0.0650350813241534,0.486444836101532,0.51424390639828,0.362113333843519,-0.011051826104714,0.076849063132714,0.418904425604351
1.02764077132201,1.0504093183346,-1.17440024900614,0.606811612491291,1.65717267293069,0.163642406568846,-1.11413033750194,-0.594459975573055,0.256588841731081
-0.163749426060649,-0.47863221850399,-1.32799445795304,0.400401956813639,-0.658726782744775,-0.891399733560155,1.41754854572882,1.40912756068354,1.12258761547258
-0.120456016487218,0.607955318899519,-0.164302903647274,1.15362344609929,1.83762382149056,1.20834816969483,1.04491194516999,1.26047696541003,1.80911222043197
-0.0300159776666159,-1.0350328845263,-0.402855096276882,2.53785496105323,0.564715576281554,0.375033257024352,0.459458602088478,-0.763831343209918,-0.719929290094425
2.77821740653641,2.62459284440097,1.04016302803434,-0.0213223932657945,0.131375873089223,0.328751048572075,-0.0495641229561045,0.108506214309703,-0.0597539786140892
-1.01381438461084,0.854421219558496,-0.900900081816947,-2.12068376360856,-2.92216739281746,-2.91159102953078,0.0299934895752337,-0.86686580202426,-1.46645642916477
-1.65643879607449,-0.595761642606228,-0.237433725330091,-1.65522241521309,-0.688955977919403,-0.635494995319768,-0.0525249736780929,1.34211188902394,-1.24462120998815
-1.3441892532644,0.310182690303017,-0.115571334175498,-1.92193159110134,-2.3583090529674,-1.98462314451775,-0.356073749569191,0.667191693540707,0.597866998750215
0.824254573787572,0.294988382667199,0.325890514875457,0.355288375982025,1.18063422115454,1.78695300691223,-0.458488027646812,-0.0899485838666755,-0.592745031744854
1.79543122622871,2.05187054600564,0.573189028177653,-0.495715231772823,0.477515868847005,-0.0254033620667679,-0.567648278349054,-1.27716623800894,-0.225954648975254
0.950806251288619,1.3767413365076,0.462921452146772,1.10195390588947,0.831412691751752,-0.0288644000516437,2.01148629349154,2.34378020135697,1.12148470979808
0.215801768215757,-1.23143373672245,-1.0312409692358,-0.0554513318134671,0.00887665830592693,-0.115332691882745,-1.16307530066234,-0.883070229745175,0.423710568363056
-0.82239554873455,-1.40691766759396,0.432482969292388,-0.157298246896548,0.365159827102033,0.793790265562636,-1.31475928687208,-1.66895893565971,-0.745094578929537
0.907319400882096,1.11011243807109,1.09756173932844,2.54190224067173,1.15129122967753,1.57212562924338,-0.499161710135784,1.03844891473139,-0.347417769467392
1.3468648906448,1.83125316764702,0.541878863249599,-0.1295130109003,-0.567943158150582,-0.987817874559315,0.957489253428185,0.62623603241713,0.883693858520519
-1.9854447622654,-2.59630203413546,-2.35445676337954,0.561466924306639,0.526184993080374,-0.635490687854781,0.800493260080794,-0.0643512070935489,0.198691925647915
0.0461792760522502,0.365274421517364,0.378601721349861,0.676701625655827,0.920339614092154,0.94630743830024,0.919295297178294,0.391840861101173,2.08106671131648
1.46273043339303,0.0599433688057307,1.19729725924313,0.178810636007686,0.458121423581162,1.52999467008009,-0.208364589201926,-1.18434657315138,1.28018805646746
-0.466334766851811,0.258612420052597,-0.279698114820156,-0.515756549113462,1.05629234837206,-0.61991068877616,0.145898034188436,0.36096909848236,0.500681880697075
-0.873283878221883,-0.924332695480324,0.00246336537515734,-0.0817828948931796,0.284451207931588,-0.915888632346022,-1.35657317775362,-2.17738134115468,-1.45811969102215
0.0212933949183268,-0.846149624628678,-0.00166865334409294,0.146265364302653,-0.343601261471896,1.26831716163367,-0.509301069040754,-0.6763543661111,0.0422233615662888
-0.496278621201944,-1.42173356262028,-1.12718159220202,-1.83935482449159,-1.26540512304376,-0.641839624333542,-0.463257162595037,-2.37422618931622,-0.501803564846727
1.39420635567866,-0.710554784841406,0.324377660023622,0.0888380544145627,0.355084730109168,0.369661618588141,0.0268957067383918,0.132021112273572,-0.050118979476476
-0.283893434067217,1.0796631547384,-0.789854003339691,0.297148107373094,-0.325824724570392,0.282643392930995,-1.59310103489275,1.20266506856951,0.0151954793161479
1.08505926108538,0.276658899732685,1.0714381554983,0.846616388435732,-0.796765893540145,-1.37756012343096,0.881109935424257,0.763812864820626,1.06705896663266
0.992893588950112,0.165954502907508,-0.566611227645016,0.551929441776657,1.00815945550023,0.656417742172849,0.85952933723644,-0.187989285244179,-1.33755626672367
-0.330874436499046,0.656532520652339,-1.20518875370142,1.83676279731801,1.38134833605085,1.60633939455287,0.633187588371139,1.19163409540446,0.387433320346127
0.294026044566282,-0.293290933825984,-1.21096339745102,-0.0579759632862993,-1.68023043285686,-1.41532567728365,1.28135070036057,-0.275899708382059,1.0394208243874
0.342534312731835,-0.473537026426689,-1.94901656113598,-0.217826232235006,-0.701176588887401,0.824695823814002,-1.50280052985358,-1.37094341431574,-0.770982292596112
1.26143330440953,-1.17991298230317,-0.583864080264115,-0.768655646391452,1.06583964497125,1.06888915845693,0.809519928756213,0.740834793340265,-0.909065788017963
-0.206091697237797,0.480643728671827,0.182339473480931,0.456980086374356,0.0778328985179592,0.551131259931053,-0.645266422760538,-1.14475115873394,-0.737690311634984
-0.055841365074434,-0.302810157742841,-1.23458305546524,-0.483702959265772,0.276217634425716,0.419875143446421,-0.660474175192027,-1.47622009276947,-1.29299112565313
0.15321433609533,-0.488854554672562,-0.530761094764961,-1.39411093666606,0.128781260644062,0.355388086311472,-0.438742621311007,-0.352168561806029,1.42480470663948
1.2633160737283,1.67082074192109,-0.395752239175076,0.674883566475221,0.0394161552144695,-1.14093785040503,1.41675115584944,0.994220426756128,-0.303119859029469
-1.29465727755938,-1.15284429130833,-1.47749708142098,0.110759093861859,-1.46406438090775,-0.742706635184242,0.02848118167241,0.714180599319438,-0.129907696562591
0.0930082996275077,0.366073239577488,-0.0923642036051084,-0.204518315406738,0.314365976901106,-1.63418263861839,-0.461058980132975,-0.910826745436721,-1.56047417646724
0.878043092725971,0.844126025269182,2.84516016284224,-1.00898228082263,-0.941775355255179,0.281545353387593,0.413782935316851,-0.574384646727743,0.579968853017036
0.852864640501616,1.70569542200161,0.698128898730128,1.49228841087028,1.72330329377689,2.17414481379891,2.20229955799946,1.31852939975523,1.73598199324739
0.837163307975323,0.894202107856144,0.929970554033097,0.671977543404888,0.626676089647528,1.15744601127989,1.58031801458041,1.6168292343362,2.07065035499411
0.33296438849806,0.0270621822135869,0.704098626485426,-0.745917143397586,-1.01164624253844,0.437405768104602,-0.149504346062366,-0.841269923191303,0.731229893157755
-0.384430316901303,-0.488215652251506,-0.367182652257677,-1.3525033666811,-1.59763253648002,-0.977698832402733,-1.83935359513964,-1.90521780390153,-0.865310044678734
0.329704928956178,0.633532742052651,1.10152682342127,0.305959950293969,0.10493606273289,0.508565469107874,-0.0392002978704851,0.818911282462887,-0.0677403916464388
-1.21118877761627,-2.33477793188174,-1.65477238505702,-1.2227266423263,-0.886074188394972,-0.657684607937457,-0.517291606095849,-1.83375038299303,-1.04005116687822
0.117461775462539,0.342346635344773,0.75056247669185,-1.12302377253851,-0.335842735419027,-0.929535694398439,-1.93054412378104,-0.782707399696112,-0.28211887680201
-1.35604362482196,-0.555725971746092,-0.810768986148753,-1.17705451828881,-0.574730053519865,-1.404511717682,0.0599342750065917,0.192007093324105,1.19852923548728
0.508901080502711,-0.414292770793583,-1.46386259224818,1.77762246737059,-0.615840464767539,0.833985298654665,-1.67030319573722,-2.34806300135116,-0.669058755832485
1.17312137536642,2.30465677880059,1.71147485764288,1.67466882993281,0.131994416453808,0.839413417570934,0.0611489755723474,0.69621893553873,1.32549380991665
-0.401564770085734,0.0879296330347778,0.947279270991037,2.35500627650059,2.24407214540377,0.980435383260667,0.491146510055383,-0.720845788989977,1.3594494908127
-1.02653844576778,-2.24655244068942,-1.48203437983848,-1.46505700002102,-1.37015917358824,-0.218840888537304,-0.305877911988768,0.332869096025761,0.466328494755395
-0.202226472806644,1.42385061120795,1.12571114760211,-1.60231516763575,0.234586164858852,-0.830764599869575,-0.326046552229715,0.469022149506325,0.113642263518641
0.603608209957258,1.69022005395888,1.80749583750607,-1.00629580580854,-0.0792090525401517,-0.753474240509016,0.640488068731837,0.975878783040747,1.11575370771488
2.49043207862325,2.28259968107697,2.06852540316389,0.810780433624615,0.774998632521654,1.65047866874456,0.489637944314146,0.670799219897038,0.615051253163816
0.705702986585443,0.700785227927186,-0.0427045732089086,0.60685950027926,0.671752260248078,1.52783657168363,1.08580638152726,0.978947963945793,0.873033532848742
0.499118841663129,-0.771956354071063,1.44038327563469,-0.95091628619321,-0.0866189804159733,0.0570083435782102,1.30212177167069,1.02293054329255,2.24252022352936
-1.2264134412827,2.00858335613754,-0.270731193492816,2.80435309405406,1.35186400906926,1.53866260871679,-0.837557301640564,0.397679040899709,-0.169845414308824
0.719022857571595,0.289669428874916,0.437717555578106,-0.19083736873236,-0.0781972164423194,0.215796889969727,-0.28862786750591,-0.52555411169152,1.35586080515158
0.141034602616266,1.68585801380672,1.42730115934998,1.62023070600492,1.21204571262123,0.452646246837668,0.741061639025385,0.177009113673186,-0.955460791697794
-0.787325020300406,-0.975510919925782,-0.051421049197454,-1.78056120549869,0.0390319731558919,-0.387931314065014,0.761314738028779,-0.225727768961756,-1.00862106999665
1.35221083486756,0.205335807756543,0.780008405864819,2.11793085385594,1.95648764596314,1.65399345742038,1.54833962198695,0.539612173888254,0.829180874318509
1.30034829115285,0.24226930369953,-0.790141395782748,1.15338425734184,-0.350307630488866,0.220347843625404,1.62205737143324,0.771189959499774,-0.00354326857907883
-2.05442746113148,-0.329963747453281,-0.451881479997626,0.360266433681117,-0.364442818748206,0.106389463990041,-0.657996596111122,0.816626027361112,-1.0877863664259
-1.28981415800759,-1.79997632965565,-0.33339557894978,-1.04069634065111,-2.79066211628034,-2.42582399798316,-1.15543433279704,-1.08024721920083,0.429873408718162
-0.678624277072932,-0.0247800923169291,-0.371419935108666,0.446394718338737,-0.715135492713783,0.0315111949290059,1.43001425359175,0.761191549136252,0.674417164467659
0.165256604090463,0.3642812866159,0.393553763247884,0.215678236892095,0.257979081204034,0.642687800081287,0.49622781710432,1.00455021253974,-0.426176008527221
-0.853593531330038,-1.736217999861,-2.52012457911884,-0.123670701519771,-0.249352334466096,0.319063971398928,-0.922505147828011,0.0485880620030512,-0.468964764001734
-1.5766234708606,-0.63296771450247,1.41692503025692,0.360212837295665,0.884483033974216,0.32404543840313,0.818582898529087,1.87614502714881,-0.414707852827391
-0.16280092510906,-0.0847001093299929,0.4937411828634,1.06097880272255,1.58612247390096,0.847943115025655,-0.0501461208511888,-0.238220648446147,-1.47063919456642
-0.520749203972793,0.535545878995423,0.37281055774584,-0.145445118826491,0.211234499010075,-0.421214133576808,-1.06075079586974,-0.0352903928163945,0.611435846388622
1.46644061085296,0.739837171909123,0.669411296699256,0.351051133144447,-0.14102050296502,0.631840047281069,-0.828489803608294,-1.27154396808169,-0.573883856504584
-0.106526013390848,0.0687673958884956,0.21225026368437,0.231182503000847,-0.0349009569832323,0.545610506504141,-0.13068599080236,-0.299457885536556,-0.113653674091567
0.319753259596703,0.152536468566204,-0.597348635265314,-0.411211223612785,-0.601971897642122,1.15819171675468,-0.720571614368562,0.67764765112888,-0.309029235616342
-0.406380725080865,1.25964162278673,-0.237185671349923,0.125680072201832,0.32328877526662,-0.585440744861416,1.06776223872187,0.961569319092801,1.46387304208219
0.412107616102821,1.42106933390143,0.910820702623663,1.1131160897102,0.839978827491757,1.50475829465379,1.48650727844995,0.988874568696224,1.22761509362864
-1.08356155990015,-0.0844850692208382,-0.621573828778347,-1.8596250644146,-1.61723064595468,-1.65152273111349,-0.122688806138777,-1.80488077838421,-0.730836966825653
-0.591995523055371,0.510626474600636,-1.5513299244797,-0.990963981000811,-1.16248549338784,-1.10531196462312,-0.404372507922783,0.5800457056865,-0.303264416958312
0.359488518867039,-0.365074817272297,0.896347302725224,-0.689741985731241,-1.58120860230503,-0.770392488969967,-0.918273139038018,-0.215900611869115,-1.08315021234889
0.637278314627193,0.160835385807358,0.687835872181233,0.122176430850503,1.51978581917346,0.581969140471788,-0.295484191703299,1.01383139729207,-0.227519892507173
0.193627934697114,1.10570141956031,0.140065092675161,1.36169037501791,-0.118164589326046,-0.342745886068349,0.602655060284493,0.485115891582043,1.49291962293292
0.171698390735586,0.531029697187867,1.02403539140428,1.54521369801559,1.57326019192887,1.85020081361335,0.602950053369048,0.219409938507309,-0.0436623356628338
-0.72167669456316,-1.37068457462409,0.250183597231409,-0.696542359324677,-0.966009260612323,0.438621341842149,-1.25965963458206,-0.0502850248279828,-0.614573163465096
0.221432148122286,-0.314157221594442,0.473793006498901,0.570293423680206,1.1218988364524,1.25641811641091,1.41347193189096,-0.194538130727307,0.347457318341288
-0.0471873201478792,-0.863339835764043,-1.40933284391782,-0.0741540766006318,-0.475075739135198,-0.227231399507578,-0.0289572064396423,-0.384557817053075,-0.246720468602353
0.0608713150804588,-0.313242314644453,-0.745890886624848,0.580782570700089,-0.763612280504718,0.793888619217405,0.474544477071299,2.04410873952175,3.01525885606775
-2.17840678732857,-1.15256074877268,-1.56532320232299,1.60829504593017,0.319540019639262,0.488235507589041,0.874374815672941,-0.186326842388587,-1.5554441845535
-2.4170314952196,-1.52549098883034,-0.368343805261535,-0.637757423922869,0.31403649293208,-0.596240406745681,-0.171459606601456,0.262766887609963,0.122598122202335
0.0662069501470952,-0.312935522813642,0.43132594544323,-0.783059483999579,-1.07552752773068,-0.849117212993946,-1.06199691466924,-0.299420500317953,0.266575776467927
1.68654340972231,0.167957823162219,0.820660099825627,1.01429406928082,1.86954967894352,1.4436807764758,0.981537324184434,0.420456139285549,1.46947976205739
1.01658531826116,0.396264142307541,1.5145014667119,0.368224170866994,0.251865457680811,0.863937509986255,0.0925595792968255,-0.203635164360175,-1.19868361531723
-0.535365253589316,0.388660142884998,0.118633404163712,-0.69154229201933,1.50794389298959,0.86034040223698,0.141185043711008,-0.0375581289329459,-0.239522458761838
-1.06737254812626,-0.204504956986451,-0.347371847812131,-1.27013336157464,-1.00855638026769,-1.65636900956804,-1.0261529080599,-0.526134206858887,-0.940719602948392
0.124129100249229,-0.300667180431919,0.68151705824254,1.34843071012736,1.45386559007306,0.553998277965372,-2.05948640103147,-0.0306474201269687,0.762504277189157
-1.47741453531002,-0.351076165688918,-0.913347509231404,0.372233183231815,-0.848077636746965,-0.262476082284914,1.22901453985898,1.73539140824802,1.99112297136273
-0.0557057804833312,-0.352144455900807,-0.598741063903345,-0.588975819736339,-0.229321627802035,0.13650912823865,-0.283876830661676,-0.281268890460054,-0.97117618300846
0.600074326026883,-0.180489981754984,0.142286200742812,0.625303682606034,-0.690693574052059,-0.837704401247922,1.81776740404888,-0.0515041962883056,0.685178933525175
0.68372698542347,-0.772900125872626,0.25126198089338,0.948938216871874,0.935460076515909,-0.125393887903342,-0.933459829229442,0.848641006552169,0.764912694095303
0.637214748786939,-1.05516218758901,-1.18001390017979,0.152356021089494,-1.07905576910229,-1.2397507744384,-2.77976793732941,-1.65767886565323,-1.74569235067391
-0.200120374917455,-0.959121271596883,0.115554698145722,0.28480509213425,-0.928736515754219,-0.70155834850877,-0.22425810914447,-1.38243168497726,-1.26276540672986
-0.442360217874613,0.189353343993415,0.0410951600890824,0.00311438670007333,-0.0238479235545526,-0.322283320627774,-0.371470733335705,1.43174881572067,1.83733036388778
-0.510103459607883,-0.0570668812640583,-1.09331311908756,1.32390394966729,0.0287368540909226,0.79627964135582,-0.0624969311477057,0.0647632015447885,0.320275319243228
-2.18389776831911,-1.01401919732749,-1.70270658333701,-0.677471517085553,-0.274516445113993,-1.09363506668195,0.988803496065155,0.324407172954499,-0.177948730991882
0.6418426533119,-0.785000843037183,-0.350686986780634,-0.34061584281799,-0.352073545588909,-0.608194811169507,-0.22289671756831,-0.319942960986277,0.351618682251406
1.34040053382993,0.309895617007472,0.360899823549083,0.191806374714246,0.511568671690145,-0.0489358948134926,-0.598118757416154,-0.57557150373166,0.257124163500194
-1.61471158556264,-0.758692240400473,-1.7153057332065,0.21642790634327,-0.584969872187134,0.0106155368746113,-1.87563209369221,-1.87060518496229,-0.543140851371178
0.763813866046368,-0.389614839342212,0.815275393446349,0.747884156370958,-0.138973476687266,-0.356121545824956,-1.43360346473276,-0.417981377614374,-1.66996254066061
-0.349811010155592,0.0585928277482925,-0.707933753344975,0.0502555382996387,0.143574928482259,-0.49502556121815,0.61793679651748,1.48334059199135,-0.307263800739312
-0.433317720852916,-0.447236730537427,-1.34966736554583,-1.44966426217623,-1.33843348343426,-0.388062900652496,0.358700431559265,-0.692122367638704,-0.831568627310768
-0.909980880370962,-0.33787541718129,0.0263453738621292,0.76748870213574,-0.555024217883116,-1.88339611225491,-0.502250774176032,-0.636674673542421,-0.363314269554548
0.17171880485167,1.09620176517745,0.0197015659931304,1.10921899497588,-0.102841290831326,1.12741077952869,0.0132926500520734,-0.959264289284604,-0.065083387881497
-0.596348187436376,0.560142007476767,1.13548600108902,-1.47450051294983,-0.962652522288473,-0.923734425859482,-0.14001339889211,0.0639340290274967,-0.0313823815068795
1.38471591484829,0.804817886472239,0.282813810124822,1.648859759722,0.857345959892,0.996573324025256,0.602813893017906,-0.822025152996371,-1.61469826926062
-1.00501573692405,0.0259976837553174,-0.958780006906282,-0.342081283987265,0.137412344342889,1.02243224043994,0.763765100524267,0.425031505993366,-0.206900759379378
-0.890742708797229,-0.313570322415148,-0.300827513413585,-0.382818675623674,-0.721188295947074,0.0295474184605934,0.0203627400867372,0.704611365718586,-1.77304750428351
2.30300023422338,1.41138720180916,0.515563126703214,-0.451448742993254,-0.499941487836549,0.0899711514646115,0.944580198202959,0.397811311725434,0.480248582324044
-0.0966580178160316,0.275372596008896,0.621031931673721,-0.40972319710915,-1.90334270227625,-1.40589759052733,1.02561444020268,0.08809916408953,-0.203073693659489
1.690926958857,1.30787124218447,2.10897304747099,0.383952433584761,-0.243208150596032,-0.535984284344716,1.50381929370257,0.166335436321799,0.988968417518614
-0.41383562369038,2.31416148732126,2.17959891856947,2.1311904601333,-0.155213542002875,0.826299035792922,0.545202416210189,1.12532778924371,2.10093885700546
1.30474880233401,-1.30852780843826,1.00652982557408,0.470839730231162,0.532676668445488,0.82778507110066,-0.576334235008749,-0.755355963616021,-0.0679419386670675
1.33620293602656,2.12662108517333,2.52760285129986,1.00972285931069,1.35799301970591,0.819030551191844,1.61698757163787,1.02405011240882,0.61138299517439
0.136437167324636,0.574779308340479,-0.786266324606758,1.23600637994356,-0.170847123924666,-0.460492735967278,-0.140937672808994,0.100079216258046,-0.929261671362719
-0.771190076334015,-0.0700477845571094,-0.623208308907085,0.42197485082857,0.349536853487517,-1.13203664153315,-1.77124240315463,-0.732029198430491,-1.98078087134039
-0.187333533636313,-0.0323138339260357,0.17558769788909,0.578521156521775,0.607422425496476,-0.623904683086987,0.195563202238729,-1.13627201855957,-0.639391901271497
0.475339386485126,-1.54832845531838,-0.216392821884373,0.0334636972467874,-0.479694153133346,-0.96472795733374,0.977003687296082,-0.0647019086179373,-0.215475837001648
0.388721614234356,-0.36443512101748,-0.553827754324263,1.01555788833161,0.67627334494619,0.912420062030011,0.740575932412317,0.267977356389919,0.862848827167966
0.760864058883913,0.683276656091231,2.30339810157404,2.24877090568573,1.07330510073898,0.94058670641033,0.418403129903167,0.443565046653864,1.24084224578375
0.684038879695282,-0.139263734472352,0.6894375427532,0.75159729064778,0.481727062239195,0.266251987411297,0.231738286843509,0.289823111991352,-1.13119953151954
-1.50992950793285,-2.1222522806903,-1.19272133193932,0.205013195660037,0.708286187766767,-0.154502322491212,-0.912212853168859,-1.75184794936502,-1.91817797503882
1.65670193652754,0.351091442827258,1.00309890891839,0.136699869158829,0.502031955069487,0.682644796782124,2.03874835641496,1.0054950329168,0.908836886159349
1.35405993685298,0.568809341511637,-0.0679779140953848,-0.26794463239031,-0.495206645458372,-0.0385807088999679,-1.00055369839485,-0.383867059160333,-0.735693111187766
-1.26254251259949,-0.704662753622498,-1.2250358153454,0.798700239622632,-0.59547857487316,-0.299545461497282,0.547795638442426,0.0884810374004203,0.0171925014515877
0.593676037051889,-0.298067089866675,0.100561551808732,-0.348489352127891,-0.754294667797839,-0.685867396238027,-1.08060058665914,-0.901049252299299,-2.2038369968236
-0.175703712050563,0.445415511815579,0.415738719392832,-0.460233290212359,-0.476267077810916,-1.00026948507959,-0.095520871372403,-0.35264258814503,0.489413695063642
0.647474901673804,0.826262298678344,0.478577769302316,-0.769006098473933,-0.756111444791006,-1.16193970849699,0.537833596932293,-0.0962506720841628,1.13608937881914
1.08556953699958,0.261573432975195,0.358046297264004,0.648886443075427,0.205463904045997,1.67088840869878,0.518291135924711,0.352565545856861,-0.344484373750111
2.09034676302004,1.05658610982332,1.2983885364791,0.764007183244292,0.274986863892132,0.418626113427777,-0.50919441860972,-0.478910440158166,0.184343400312531
0.141773300940309,-0.0626771821524451,-0.415687469900107,0.716929463117769,-0.805609741834091,-0.187515863051285,-2.01712262740705,-1.28362482572781,-0.0570927945455616
-0.755331253070915,-0.30082757274837,-1.43608858993103,1.27136460737789,-0.262992711876496,-0.695639711666928,-1.17040657352554,0.0519986974295812,-0.0298686207444397
-0.759723112470723,-0.642759407599826,-2.41735345660523,0.412471145015339,-0.854845520814113,-1.57999828497591,-0.453028346134779,-0.339566131660404,-0.0817426636624868
-0.954743734594903,-1.55957094035817,-0.602570853586765,2.00405103500232,1.61669894446389,0.699098438054731,-1.3040084837204,-1.4458290750768,-0.0460256418400269
0.450064517452791,0.570785508171869,-0.524245531274224,1.28952106935035,2.26181836794931,0.891383479533953,-0.318903055327294,-0.58266489917136,0.515703343047016
-0.0329221823425875,-0.97590995233118,-0.647976229744646,-0.573839491980913,-0.952227590624505,0.290434104153683,0.0260793575982517,-0.222838467100719,0.111770796933452
2.24082727991329,1.11686314596574,2.19170681072131,0.938703411964447,-0.284108449507383,0.33984762360604,1.78672844533444,1.27228988706573,0.960391877226913
1.41510160264308,-0.43470507062613,-0.0594448295775679,-1.43773122162452,-1.9546562606351,-1.76960622348172,-0.0926210794454266,1.42074903437086,0.135354716902203
0.782660399015132,-0.324051638099339,-1.44467948471374,-1.21209970737901,-0.989015718314933,-0.176192224901935,0.0455780486578893,1.24996682822411,1.9111184357924
-1.43777711638926,-1.10703422677971,-0.133678429557815,-0.807179204957524,-1.43409468822735,-2.07600247888044,0.0636341918276225,-0.654729541670928,0.598864183607951
1.61126942940142,1.30859191360643,1.14790330110709,1.97562176958253,1.1158088888768,1.54416428938173,1.62373396083651,1.83732901931686,1.30213256127496
1.39912425836401,1.07399829622437,1.61080113974667,0.669537183958033,1.39289119600041,1.01347724851046,-0.364201473292521,-1.17569698631187,0.512876524308628
1.30652207586497,0.864662776262539,1.22356174964246,2.99975680428353,1.95056203790684,1.54357354155958,0.811465304719247,1.31545929076891,1.45215931268739
0.733980147106615,-0.71386549539075,-0.399138331364522,0.649107717008819,-0.52261683744693,-0.65313621691066,-0.795238458319357,0.410564313088898,-0.766654494676801
-0.298096066525955,0.223455399910513,1.02146885116838,-0.156978246056564,1.74217039994886,0.154023826156339,-0.711377671343755,-0.770918440332185,-0.887361138398589
0.746007652984445,0.148857624946248,1.39927733082016,-0.509791473251755,1.47478380645625,1.91400930768792,0.318665899801433,-0.737340570870105,1.1999794663964
0.20736180734832,1.12523318069189,0.483324078737443,1.34696733252461,1.35889880373122,2.2734074598911,0.60688210973487,1.08183519576108,1.20809530976567
0.135778428447747,0.505227291760143,-1.16150391079394,-1.52673318564966,-0.858446336430872,-0.670057471819169,-1.67771658779463,-0.303052633830858,-0.060425924318591
1.40763764464761,-0.324853852441979,0.406762524773101,-0.788381996709723,-1.08465589151902,-1.07865309548625,-0.0355130660843141,0.519836342033412,0.789942893919319
-0.776385054156504,0.0688483324922461,-0.777109575533498,0.70856356517964,1.0100060634258,0.219435848218355,-1.48394222852696,0.708017706849189,-0.410788266550482
0.235060824485141,0.753747667328415,-0.234092681879693,-0.290636201443499,-1.07880972089061,0.603283362112857,0.337464527672298,0.436400876842787,0.84108351294189
0.795653718601349,-0.185525745748912,0.552296785327653,0.881864419888723,1.17805208101262,0.581860225856016,0.460769725711976,0.421141905439416,-0.238222968268258
-0.323989176647899,0.0464694134216078,-0.517005383973182,-0.792584130630705,-0.043881498834282,0.293387936082811,-0.348339407883224,-0.297581662208796,-0.684520350612573
0.967511722927522,1.19269139935814,0.419596239692062,1.56168602272911,1.91454837700661,2.50098471666283,1.64779565969479,1.60855737748448,0.897279415105202
-1.76514607261204,-2.46836209213412,-1.69516565626758,-1.0065783760036,-0.910532070190582,-0.655321247200902,-0.705805910979734,-1.08760837260146,-0.676511965447482
-0.075543281976724,-1.32354526784727,-0.0034625110658455,0.76918683548688,0.640616452852318,0.566612366102068,0.00214868451906802,-1.86432733877816,-0.715349740718279
-2.12332942101235,-1.75691406637424,-1.32414107000574,1.44963077512508,1.18213169326728,0.148359563243535,0.750306846754354,-1.85396164339651,0.199443605088808
0.0885166251395124,0.359799646229099,-0.397737513352124,-0.879160678363635,-0.106851292964126,-1.11853859528916,-1.17055707491496,0.266066865391007,0.983204935830307
0.882740837624662,0.874886187700806,1.63096921848244,0.87809225527424,1.18930418402552,2.14281105924094,1.79284117164994,0.874195509159642,0.622370641247392
0.745031705724416,1.76817968195073,0.926569202925268,0.681798032897192,0.277779377351018,0.0228422950198372,-0.326348350938872,-0.10982788297298,-0.339206500553507
-1.29755471682289,-0.685157569923148,-1.0296846857588,-0.0054889997723595,-0.779046253331739,-0.305143114750768,-0.764876475363906,-0.666476937647488,-1.86737090886717
-0.0424432902154779,-0.265296534790808,-0.191101423255106,0.991615948295752,0.895509019421564,0.385467123762806,0.36017580325501,-0.240348626617959,-0.606271484728942
-1.96450178225294,-2.24236363687734,-1.8533071518717,0.715805408477048,-0.854402971454192,1.73621156420775,0.628789061283339,-1.2203300422053,-0.730599535708051
0.592792132916576,0.443444450263679,1.09957856566377,0.300780068517062,-0.202464791620868,1.60510512427595,-0.108620929893426,0.889305034081178,-0.52698016488077
1.71082510114059,2.55342625946429,0.482761446376628,1.5111118706469,1.02544274074172,1.92697955847966,1.45572630581402,1.20563797296669,0.999479167612737
0.095202599661232,1.35183889347812,2.06182505726753,0.445501496314157,1.37614389045241,0.632717841054262,1.022851302288,0.139352022897712,-0.741577049675966
0.0907805417203289,-0.355464954382001,-0.146169250489298,1.0624651444398,0.549970756934852,0.107754411413926,-0.810349622134206,0.0117193201079634,0.336717523907261
-0.477318955862291,-0.501563263325391,-0.478508277216635,-0.32786549386834,0.788626335451054,0.045302446052278,1.69391060591257,1.45846877437313,2.90376245644136
-0.307704205125784,-1.45657203888702,-1.3684670137464,0.807023187071696,-0.292087644734765,0.334933164977544,0.0869165566420325,-1.10885331507766,-0.93637249234966
-1.69008403383409,-1.80659170258902,-0.526239101880112,-0.505037699017814,-0.815617768223782,-2.0543326158711,-0.533584887643385,-0.0940771500585385,-1.52350846575551
0.0466848640506259,0.351576884366952,-0.0713625256744625,-0.0614163912483019,1.01535171971055,0.11826946040289,0.249712788225576,1.12618074249246,0.0598073659460237
-0.228347670440078,0.935479778139642,0.824360391443455,-0.490777274374137,-0.979398611986355,-1.40045317544111,0.704978136572287,1.10748371949688,1.18370921882377
0.854651493825201,0.891755198081028,0.287424024234647,-0.58891416466487,0.509918513761721,-0.699711951844602,-0.435199386209167,1.12446098550889,1.03044712913707
1.02306836316297,0.210401162907427,1.66250491814334,1.29623169466251,0.167901123104545,0.397208850474469,0.72725230506021,0.968417725947656,0.498902681357973
-1.21633844552373,-1.21496407377048,-1.65670790792707,0.192324908509008,-0.596353894428657,-0.319338881214148,-2.04601300575449,-2.95165686431905,-1.67157698895885
-1.14871834207054,-0.525675280255906,0.149220443533002,-1.03049381482385,-0.340729512149463,-0.522873417270699,1.40221631663587,0.64548305902036,0.0276165945000016
-1.19484158134908,-0.532171887670813,0.618814577911907,0.561816621817487,-1.30795768236601,-0.966283879044463,0.674194374088455,0.490489218205201,-0.822431735099367
0.396458690684227,0.965769838123965,2.08735374894033,0.556160537900565,0.187849105174622,0.10829059160533,1.1582498773084,-0.53825184965831,-1.2170679392756
-0.814899942414466,-0.677938928827959,-0.873976628718106,-0.760794934574756,0.325740650265625,1.15520164147677,-0.822737719384127,-1.03939536309259,-0.523398774092591
0.0952676532752077,1.39523240687381,-0.168435448576477,-1.24748093026171,-0.286297981320144,-0.442279059821728,-0.404675575979977,-1.13237956019374,0.021718450623571
-1.12669237528775,-1.38078252082365,-1.26763323985628,-0.147524948797002,-0.394340545066552,-0.526998380731071,0.908811788803373,0.663679831955463,1.33078220128384
0.623018587320427,1.91985061102487,1.48511713718454,-0.551057102580898,0.108970652931367,-0.210405613073749,0.0496693387563761,2.07823843820991,0.238244963597446
1.97931186547475,1.36396428001409,2.1710113646794,0.571442950389231,0.907264247679194,1.93165945876852,1.44278473932711,1.38529241784918,1.87731618986788
1.27985433588007,0.701873002696015,0.912232016723173,0.664674215729403,0.910827878397573,-0.25608640414955,0.537380341000873,0.945717158754945,0.07768003230026
-0.17386200733981,-0.403903840119784,-0.46814870254213,-2.07367902076315,-0.965801870228935,-1.25614211641653,-0.416589692684707,-0.0135937582508133,-1.86656417118636
-0.112291521704773,0.130431377027249,-1.24051268159921,1.39294911955487,-0.222842789177019,-0.0284065294500839,0.345963339887702,1.97501934557008,1.34742184188454
0.933558928520667,-0.648625097764114,-0.228453826808699,-1.41250845666139,-0.897040585241482,-1.47292292951365,-1.15324946845585,-0.164555668689053,-1.23368601691252
0.225768897002972,0.856980938831202,1.44619008889129,-1.90752273360923,-2.26382971119466,-1.9848867453565,-1.62803128026465,-0.198072507308247,-1.17612302257655
-1.70822037980443,-1.96014701891169,-1.64749923361301,-1.56844919834591,-1.78344956364496,-0.612738050412778,-1.77667425594039,-1.91281179874555,-2.18174298548999
-1.82259566711208,-0.404117363697675,-1.5293431565115,-0.272609360338377,-0.525331292517094,-0.160903397457248,-1.576174163661,-0.344716351849785,-0.487110023305658
2.29631933115708,1.5629485030214,-0.18060719592318,-2.4632371201159,-1.37988487788724,-0.799182409150547,0.439361379867455,0.152014958895345,-0.191026744918891
1.17446524595911,1.93519541607114,-0.0227914797693753,0.436654975102878,-0.0300597858155097,1.72141756628827,0.192384076098294,0.266852594374148,0.542562533180078
-0.821068635719579,-0.338061654575437,-0.488646655905752,1.27396872302528,0.994283177832516,1.72471944480879,0.514135403495193,0.629970793486756,-1.27629013747429
-0.75659011500598,-1.39508151128623,-0.641454529362355,0.476274882393392,0.852305936830434,0.280480007185369,0.0180890176655455,0.751570224868143,0.404767732066495
0.491478847279015,-0.421439493041604,0.141634715411631,-0.105010189284359,-0.546819436741339,-0.762835418546873,-1.13591561638334,-0.802013774374398,0.861523571618623
-0.300923142691902,-0.710032897117048,-0.118920036074994,1.28525068132116,-0.363089622559509,0.656938739182032,-0.610909237135442,-1.90975028606138,-0.616030003235874
0.37914922840388,0.107118137451022,-0.579548199892198,-1.16594362922851,-1.48407059571092,-0.493564501842732,0.548236588319892,-1.54634222212333,-0.889631261009431
-0.32876426399658,-0.486454750581195,-1.90243342224116,-0.457691002205111,-1.44882953343829,-0.562229175877057,-0.289617668142612,-0.787851720624583,-1.11963764377454
-0.972958952559387,-1.78851385793058,-1.40018003824097,1.54053165150737,0.0247292292289562,0.0927916570685132,-1.03208844958564,-1.75030193588486,-1.41228468345142
0.707739371704478,0.414786389251517,-0.686768849268495,1.56853590610349,0.782870345443,1.53132649581323,1.12994496349595,1.57221492105636,1.42864193075004
-0.651277875384864,-0.175091709965953,0.732763427786425,-0.738380582290091,-0.817728459690579,-0.604875191856582,-0.494627915876449,0.125442122017442,0.592084144729751
-0.147241137609574,1.62012202470113,0.226674470939141,-0.805000912979465,-1.02799482593916,-0.437306292568854,-0.507590591005699,1.30300630462388,-0.375220843468447
-0.0316069819518995,0.0222132512133908,-0.264198008124517,1.00473192183676,-0.332110671177176,0.114555675335045,1.32487968633542,1.1793623255042,2.76014988775748
0.184967388429967,-0.212349798949016,-0.892458580247588,-1.4233714019743,-2.13108140871573,-0.738024354655808,0.642206235988729,0.660841414104823,0.619583713367492
3.28787525563035,1.54211228950258,-0.253111070700625,-0.985390977585559,-1.34446213352677,0.162186259001436,-1.25045391128926,-0.908984559520433,0.727507288523753
-0.0277411686619051,-0.683078661956571,-1.28209072093295,0.438843820749339,1.6894784138637,-0.775698035522897,-1.01258555624372,0.0433504875925226,0.137749876009944
0.855577495882978,0.33942219206954,1.16603671045043,-0.793592699789382,-0.839900238322294,-0.836930183951971,0.358696397684281,0.386168802184591,-0.269854287368567
-0.489522393224065,0.235533224176056,-0.64443404224462,-0.136806691788392,-1.06952928082296,-1.13628534421354,0.084907444077359,-0.951344990428872,-0.487801012492715
0.91134722099603,-0.594814927690335,0.815035861273157,-0.453798805634362,-0.529989692247822,0.0708539012655988,0.266963251182338,1.54933079561639,0.0421248555762435
-0.807106966474544,-0.775510763486277,-0.130961222858694,0.012612185690737,-0.00565789701031816,-1.43095151800111,-0.905699855495222,-0.0531704459708609,0.102857727627003
0.822535097685895,0.909083915250869,-0.39210268802742,0.507041911482802,-2.01624773814684,0.0200215717509347,-1.93208561275218,-2.20944225268665,-0.34871424802976
-2.16238260882028,-2.04427789202534,-0.78310759891998,-0.084189647526337,0.270458855034856,-0.655393336788202,-0.673822997636394,0.828157791419377,0.658372808272434
-1.49444459038624,-0.613325889395625,-0.433029890227328,-0.14116443444939,-0.822217584006404,-0.664178789495287,0.100147055197468,0.477089176187603,0.0130034358657875
-1.8466599621356,-2.09691666603673,-1.09320216374814,-1.12453206135647,-1.42041811069545,-1.35402880006029,-1.95473812471664,-1.73496969489642,0.692808011869087
-1.00219910828011,-1.17357769304486,-1.81355445154326,-0.133607354662728,-0.474557607612858,-0.306890394392525,-0.47035251710268,-1.00823609227317,-0.712785469372634
0.159040299659532,-0.0971682541214465,0.730082373072129,-0.929768482632926,0.417178963179705,1.57234252043993,0.424995748289186,1.06065724297985,0.966615059322598
1.43713297974968,0.758790950477278,1.19538419260051,-0.4879560711371,0.654707583069892,1.96743855010031,1.24476979012994,0.188938042409167,0.270643747379654
-0.775739404555763,0.101534752787191,-0.307622027884396,0.539943185489229,-0.698254522314815,-0.719442430040299,0.659263103324178,2.15521583185335,1.25288409419943
0.578191314087388,-1.53423482833523,-1.3320207728295,0.282230596765275,0.186509298658724,0.160400572002859,-2.98762023909036,-4.11199679587745,-2.50361220039008
0.49074510232671,1.76707515158395,0.276453200815659,0.69565227926001,2.44431396869761,1.46710222256942,-0.234765971748916,0.135239094643129,0.283828304336636
-1.92713845290031,0.0864683106459458,-0.222947556053317,0.263980390177935,0.429733979738116,-0.290986995793206,0.288803977805042,1.14756311844228,1.04777739754808
1.21226241242671,-0.789051361005894,-1.17349335539237,0.309417749143382,-0.736420722675096,0.982884960548777,-0.691722041095741,-0.281388071202225,-1.18484472290112
0.573277635164018,-0.521239500012209,-0.82697940078984,-0.309357525188938,0.973427952336017,0.767103133986564,0.522239553519404,-0.110762654183304,-0.963382894597275
-0.117281446233163,0.0258594024707737,0.0358466080028079,-0.664061395018898,-1.58821296984937,-0.813082979804098,-1.47746384634107,-0.854899969634688,1.17206949873832
2.30726092376196,1.40389192585588,1.73414448854883,0.417069593309709,-0.397456414533665,-0.577131442651003,0.288366541694897,-0.202140550743068,-0.343852620385393
0.00501237831799833,-0.756328886489061,-0.890284551342383,0.0357552813854627,-0.193119186789047,-0.104144811301944,-0.830980534941327,-0.13844347874439,-1.80368687938494
-0.594814318318764,-0.887304178550646,1.26818181294403,0.158874026236337,0.273635266412856,0.399761412123395,-1.55004381302639,-1.26265882885642,-1.66320150974884
-0.752970154826953,-0.211078910590366,0.584230425745522,-0.0472015477523902,-0.168221065674598,0.109377342029733,-0.00610008457891265,-0.202812822822256,-0.148283780704189
-0.840426208817229,-0.30045216858416,0.0127413647892212,-0.0675720624329064,0.198299707440005,-0.725005215098231,0.162444154161157,-0.15381364551974,-0.201660305314263
-0.809797904976538,-1.22944415416898,-1.75249908992577,0.810215035741482,1.2568039597767,1.62962889210564,-0.221395441101324,0.0688935820669762,-0.543778772283995
0.922016054884387,1.0885224178907,-0.399719635544744,1.68874713760994,1.19828709837332,2.01228713760905,-0.436488403432045,1.01853932086582,-0.570164074340314
0.257639537703097,-0.149526478538793,-0.0672627460420127,-0.513518373589815,0.321085183293274,0.559324493243261,-0.485324428901104,0.395947109792717,-0.811849747230205
1.5036874252283,0.880667095102002,0.812210276121963,1.18686075157619,0.911165140049075,0.693850405323464,0.331339312366659,-0.174439831450192,0.813877092354846
0.531321622283593,-0.681605511362448,-0.960893688460896,-1.59160270063682,-1.04360937996553,-0.451013144066573,1.68722675921711,0.433594836715004,0.651558461257245
-0.0588908376522984,0.717006520426754,0.492630171494209,-0.452532021498723,-0.214238890337091,-0.294829259109227,0.331344003735396,-0.728268899367472,-0.204548044207384
1.73087876345954,1.81412246527354,-0.615059623269039,0.351893661829315,0.392577517882095,1.40782828382846,0.473908609654362,-0.0731433178778718,0.492884712991369
-1.15245772056506,0.18165762059829,0.0477149887174967,0.153509443835764,1.41273845791237,-0.209462481932833,1.48733656503989,-0.755331886500497,1.38717019239377
1.19690236140481,0.574557272045828,0.654770614209038,0.996082937416185,0.381447233588334,0.0313303398136147,1.58832496941844,2.55980596001625,1.14762640299668
-0.440469962469594,-0.198371797563979,-1.15819721776398,0.531253734402717,0.940339815331171,-0.200081605929776,0.0130247020738873,0.410218346255349,-0.0768442761584686
0.65588177077754,1.36324806607327,0.547885993104678,1.1957308714131,1.0559187816391,1.29510829182293,0.358431956307323,0.718205388806897,0.243977433462359
0.0124871126671755,-0.577785054812363,0.128318613462638,-1.55766353653003,-1.8208371826061,-1.33855410369214,-0.851977991007315,-0.134827328560131,0.96962373143501
0.648902734502032,2.09377100341334,1.65409830289221,-1.35948517169766,-0.00724522043478548,-0.601482177677785,0.830942549114524,0.164568775998187,0.937952326059023
-1.03901956920367,-1.58181432880328,-0.776493515251996,-0.018683467463753,0.927198819391822,-0.318421382613861,1.62383912388018,2.01312223160554,-0.0198501763928265
-0.784851632628958,-2.20352052657904,-0.612950152650633,-0.678557174556785,-1.57272307179694,-1.37598677799935,-0.2931410092686,0.113706389515943,-0.356221402631758
1.13429912836849,1.19735763512637,0.317312385565455,0.383661216097105,0.136577587736758,1.05767589654592,1.59622928865705,1.35694771011443,-0.127820236421761
1.23655560619264,2.11853098730114,1.22605486432073,0.563057224489827,-0.503705735348814,0.173707051147354,1.56028544925929,1.12929057742046,1.06354777607986
0.959248217439121,1.29301643867737,0.0622172550776215,0.184578840854977,-0.158471683513736,-0.0020230480595205,0.59484407712906,1.00607861751691,1.30696021559268
0.625664389637949,0.00676695492182411,-0.958500002709379,-1.16884513896311,-1.0331638040024,-0.566862261449717,-0.127064404547096,-0.444031835066748,-0.967043430782595
-0.823951192841698,-0.462299869003111,1.36539191186104,-0.0148853472873616,-0.470131368766712,-0.477767521236469,0.617162393539617,1.10259395015151,-0.551265260519742
0.0216787740282906,-0.560862953256709,-0.585545423968528,-0.905833618180977,-0.431186536886103,0.30600584978388,0.856244468251944,0.959422973314722,0.289933080820828
1.25428921724849,-0.289218061605908,-0.10768054606954,0.750953978977025,1.28680418322342,1.17248902810089,-0.487073245918092,0.0482615155204251,-0.0283222538725054
-0.76458626614968,-0.644521079273057,-0.495914622904687,-0.0863217722498004,0.838584648025806,0.849014264888533,0.486136155044891,0.637080428635705,-1.47364191841291
-0.86684017526591,-1.25125464388643,-0.427608734788567,-1.99283847919585,-0.831264682954545,-1.4442159702425,-0.00335554222913692,-0.456472917965769,-0.978902456555345
0.0820375080169085,0.429967324499522,1.96903515683652,1.22362868663658,-0.978097855409973,-0.528206083513549,0.616976096106207,0.836527904222793,1.38145620628538
-0.954715846598552,0.231464835615916,-0.3735609170414,0.262133465828523,0.0729526911112152,0.26733831025043,-1.41684544103173,-1.12709830389459,-0.781567654909939
-2.11264999295562,-1.58187739694254,-1.88562658935769,-2.29542986897503,-0.64283980828399,0.0797598822212993,0.282872461442804,0.489645667190761,-1.02934518775142
1.72920890639737,2.33004554644584,1.45935032477338,1.19649615935074,0.765591089781886,0.078906250299386,0.0261248977196779,-1.78728051301756,-0.406398902495499
-0.483581719900529,0.32546719499413,0.0851868027134511,-0.909053296570838,0.1719054118852,0.200451690150401,-0.468193782388419,-0.84595641861817,-1.02182113063821
-0.424095610451894,0.691518183722737,-1.49920957783071,0.430578839613098,-0.315426334884775,-0.092035742006302,-0.864786913273901,-1.66536366858467,-1.34707352515177
0.721951426979566,1.53118634803828,1.33883412790818,1.23211163064546,1.40641980607857,0.923785472493665,1.20317136069136,0.657324661824014,-1.07462094725494
0.0929983324624977,1.97041004751675,1.0001922549163,-0.171011996108947,1.45580202832671,1.16949603913742,0.993020971126023,1.9717013412893,0.949163693585363
0.825495037296007,0.717535581617671,0.833223490377726,1.04026737585939,1.17986928602989,0.233711536057817,-0.256479769698169,-1.37314044603049,-0.697168571799834
-0.0378982229080504,0.313930804222725,-0.267967808068293,0.48703128854065,1.84144069819969,1.61918643861792,-1.15762581212237,0.695669751093721,-0.173268049518562
-0.819557293660517,-0.0595783172173576,0.897796841910848,0.617397366582256,-0.00481095824130512,0.978749594435498,-0.240383933631506,0.404370692825322,0.617884353043391
0.149839090793684,0.263922343542211,1.4912635425235,-0.0759600874931848,-0.256656358603918,0.628424277584923,1.04003988423023,0.15370924841159,0.488030760594629
1.05438860134822,-0.927112472984069,-0.369926912257524,0.418569916482175,0.32955579751217,0.636608877735345,-1.10435431444178,0.31805700775349,-1.78399206230251
-0.160637599586425,-0.233309201041097,0.594970148947621,1.24988205658917,0.792757214897763,-1.28859614568419,2.14947973479976,1.00979637959473,0.750368078823074
1.77209370378213,2.05416863897022,1.58591876221494,0.408997346283557,1.70707897145298,2.23382326619246,0.639698202078526,0.959159038188923,1.33706770244827
-0.0152108764358826,0.0650566255499351,0.596152839638498,-0.0436676175568207,-0.308260290704439,-0.235415104892697,0.0723599045998774,-0.4065071185443,-0.45765286161303
-0.961839825764749,1.12041038085379,-0.873048436007893,0.297060397105021,0.144706519850553,-0.593167655864752,1.2471249453867,0.927836557079453,1.65831540921691
1.90105727238149,1.8741025776397,2.83533324189922,0.0373450820660536,-0.0597297476965244,-0.127352178542017,0.431154244211491,2.1124047140025,0.879892560977134
0.76761747375342,0.644171834447259,1.53718681555489,1.10797375342929,-0.293839739393744,-0.389585178887737,0.828509710869213,0.473066217995989,-0.54218938243629
-1.30619014989674,-1.67052036951163,-0.200642504589195,-0.272508223377446,-1.04934701769204,-0.234023346230642,-0.268055220462104,0.164661324758592,0.0100517459146887
1.40202249728152,1.82712832476348,0.912784260567423,-1.52339586682321,-0.509148086162138,-0.351945225347834,0.752160226933925,-1.17504761087803,0.395113186925134
0.809681675123179,-0.0139031178494824,0.628561477280337,1.98889707307048,-0.0575286415348664,0.0885906218166403,-0.0018731054704009,0.449365738520197,0.998356461093125
0.366879558058572,0.564051355480167,-0.218559214065723,0.488342953545051,1.20213842559092,0.964317186906683,1.04033711286402,-0.764916105150031,-0.931773477017183
-0.106339467144036,0.351039785516491,1.25672815972531,1.5164286277601,-0.142526775576215,0.747805213357522,0.92883269065075,0.828963113767721,0.285325778760436
0.693291463957195,0.0823212510310711,-0.387356777116013,0.766788217207211,0.895321539858754,0.626865934243012,-0.146202617126465,0.145565222615779,0.0203667742084924
-1.24417426834974,-1.78386248484847,-2.25548451446232,0.688312610573447,0.707059159919696,1.14928921918423,-0.328004343500581,0.202382389213922,0.940048825242482
-0.372369779441274,-0.223356305937603,-0.0126873337823104,-0.659713423140839,-0.945678652917754,-0.0339091131057837,0.708973142799969,0.364501370365557,-1.17168682712509
-2.39195312302154,-0.533258697391052,-0.409337802905811,-1.11926166297686,1.1775624214558,-0.217920933880141,-0.88018994168569,0.0997179247095751,0.361654601670159
-0.458792805677023,0.88428793279061,-0.249377686266909,2.25728396739354,0.292178081623872,0.939921619276179,0.0779974149647525,1.31994659112281,-0.470179852889762
-0.0258070753039545,0.340069639585754,0.916622716346914,0.826010725450672,1.20914458714522,-1.27786326216271,0.925179309686532,1.79556450640983,-0.0734694134848441
1.07331773955119,0.924744641453449,-1.4709355534501,0.174051574124286,1.29919861104113,-0.126335475968768,1.80774410357635,0.991521359363407,1.26768754711331
-0.0731748991772913,-0.950908287765777,-1.75160424831984,0.104202851763871,0.478462002101902,-0.200140359232371,-0.295341294459962,-1.48603169750172,-0.902346119948737
0.613320880385077,0.257957800346671,-0.154186316313527,-0.0357491792551307,0.805237766928931,2.12141596120769,-0.826701995993618,-0.506363299379474,1.56435685370944
-1.00094591615109,0.732314608927709,-0.0441912608551732,-0.445919313543889,-2.41311578978183,-1.23115159354063,0.773736417452405,0.93962637628369,1.24983544450448
2.3638955074381,1.36878148096551,0.713073532083294,0.25509832103481,0.217581779546295,-0.047094841207642,0.792830639879611,0.694464306781867,0.694336967662145
-1.75223604113224,-0.19057317691746,-0.28333914480191,0.338723862120938,-0.10890620812763,0.431953897681316,0.772564598411688,0.365477729732747,0.488401942812066
-0.359956237196266,1.72820097996972,1.07766048002595,-0.54098807397427,-0.951782389466771,-0.496973026156297,0.324245003945795,0.0660918997970307,-0.183161738638353
-1.03599278937584,1.00023183477364,0.516336783488576,-0.780967603516176,-0.301977928633108,-0.477939795394504,0.482374937476852,1.23523197736104,-1.05189533511609
0.961190483846444,-0.757717794760112,1.07603980388847,0.414293960261636,0.601582226732906,1.01083307717045,0.313579985886549,0.860333728735639,0.522485796566372
0.430296125728496,-0.101542744342257,0.1876066458162,0.373001701257258,0.339299952133008,0.128829397627613,-0.628630297146849,-2.18481239686245,-1.25187504138549
0.481322991973551,0.826462018216774,0.236956891615607,1.12238938981923,-0.0197760722320957,-0.3340904459008,1.06165821722732,1.17332975870475,0.498087816505356
0.172175857161119,0.459398429155483,0.542264850217401,-0.983062237347285,-0.44558568853982,0.0635274436210001,0.158155437097584,0.592396440353006,0.961399602590596
0.724900397571646,-0.579616175997434,-1.90462624840558,-0.0909627498910198,-0.648019432526248,0.400805733008801,2.00807557562573,-0.395882665326772,0.988817994272051
1.21871702224836,2.40086847901761,0.927486555717346,0.467831800855836,1.866641448431,-0.73715791504441,1.20594900251072,2.99276914419412,0.28467145316896
-1.37292262903924,-0.261164813587154,-0.734971409395737,-0.112563444036557,0.0867574341063855,-0.295345789781234,1.01252802757006,-1.47856586690602,-0.541837711827594
-0.305268344076766,-0.66790384297867,-1.44580561750809,-1.44700861758581,-1.32347283842035,-1.10999862813998,-1.97043492506955,-1.19096286617772,-1.66954925253215
-1.40013379094559,-1.11749207137339,-1.26326414374128,-0.660880351955796,-1.12663309773165,-0.166459734283435,-0.131760139070613,-0.980384582536485,-0.945082684017279
-0.272623113158652,-0.737627394810374,-0.828510483257371,-1.12464461020202,-0.357473157483874,0.089780986340604,-0.0589000530417282,0.4065720329905,0.0403968658093833
0.597624342366607,-0.955088644803956,0.641601394753872,-0.552710512311678,-1.25751811148031,-0.735084829558485,-0.050786875229071,-0.653049215311613,-0.615544714854727
-1.57338257132999,0.108788503943452,0.925355361435196,2.01537284380027,1.36054721343376,0.496988055295158,0.537585217706773,0.590970938621107,-1.01099270642426
-1.01278186270995,-1.34685484897752,-0.304735329661039,-1.25541524298731,-1.1253231939522,0.12584077334115,0.336586304725767,0.156032104314622,-1.19506492005026
0.873004139201291,0.675221283922611,-0.86676239594135,-0.0465269232643043,-1.44169089638767,-1.11240887437697,0.715610128129227,0.957825834093982,1.44135685425749
1.49332138517502,0.924842774636567,0.487866365028176,-1.48029756785495,0.0560422708062825,-0.658073518298292,0.0323397169418416,2.05296614538049,1.57241013687027
0.00482725867119889,0.46717491668082,-0.311660047783389,-0.980690870725376,0.147747448007144,0.462388125400438,-0.621977309049859,-0.351093848631884,0.0795997474078675
-1.0700150762267,-0.835915251383254,-1.22688932082736,0.0452046473951727,-1.45490803314267,0.166382832569192,-0.926770953081437,-0.184369746566081,-0.848201509642944
1.30394796551331,1.63109157469318,0.810992242794963,-0.171138197204035,-1.02665664633625,0.0873954324933757,0.337425181352904,0.435255229073103,-0.147567075813322
0.00541304656455702,-0.0654211748754591,-0.0253907913101506,0.823066546520761,0.566416685739812,0.378612130616921,0.571059866667102,1.23268820489583,0.504630382872159
0.652772247117317,1.26503950199137,0.860733223607883,1.24390375842885,1.68881528306989,-0.376166550748351,-0.140631304728483,0.556965102347738,-0.522370158696649
-0.220195528878938,-0.515694510257513,0.313735682169166,-0.879841792574269,0.0979762730896841,-1.32779538804762,-1.13444913519306,-0.326761746088657,-1.32757444152324
1.53382497913718,0.421620379542402,1.09764298392906,-0.269768174564812,-2.32698432464689,-0.257244134053846,-0.0888345354621065,0.800685111677711,-0.387396556409411
0.146373826812608,-0.640353678360697,-2.01752409724668,-0.563612566726308,-0.893140606239607,-1.1928370080309,-0.17004246752046,0.239344593081833,-0.414198567013728
-0.224846455956985,-0.0653588316431042,-2.00541198086678,0.126128392105243,-0.730553190656324,-1.44051389263237,-0.196460280657483,-0.303204038413757,-0.0646409266537032
0.0668561928179766,0.309537525972715,0.368005747172121,0.083431195377021,0.394727644897912,-1.42532398474553,1.29595549862228,0.0450336036102898,0.339990493915654
-0.167874416298076,-0.392653000984515,-0.50454906133717,-1.77819534229045,-1.28061251401019,-0.739735780009187,-1.84012913007049,-2.38183315679902,-1.83857375152944
0.232458979697053,-0.506243718163424,-0.339265356808962,-0.197387917519493,-0.833458928469848,-0.715107864527166,0.941420393974591,0.540687494725082,0.814075801918123
1.86122274181506,0.999507026676799,0.382272007317741,1.03824103892652,0.805768992192333,-0.189724621354103,0.767033753968103,1.69177937260284,0.379377022983413
1.98169226217705,0.13911858563345,0.814208113838538,-1.33978301010538,-0.0229727728370986,-0.704448718538349,-1.0732253021052,-1.66642881562855,-0.851350782784307
0.695885912003251,0.698981005658165,0.993473642187039,-1.04374631624905,-1.89452764420615,-0.731201120159863,0.73985154368502,0.0666846233088423,-0.548130957763433
-0.876932670886072,-1.04382109596169,-0.162509164846157,0.186150021490963,0.568580371958884,-1.25683505542494,-0.134073579763347,1.39040564483498,0.939769636268829
0.545751590688436,0.490573048642859,2.18577344238837,0.887461442395274,0.116659255444971,1.11835429354625,0.222618034069468,-1.03916309884351,0.673106058491494
0.532657207650762,0.709686285971028,0.0471832385952797,0.439220612508779,-0.196467130039892,0.293616818967181,0.235264037905598,-0.509792198936333,0.296517466873168
-0.212817644557005,0.0767527010326179,-1.22814661356198,1.14449078529278,0.682517160291214,0.266196189651177,1.61053918091339,1.4920181254498,1.04288136962924
0.568400775278364,-0.608271269806102,0.841750878426738,0.122052660365806,1.17283852606925,1.29009888622001,0.315883304442509,0.980030121358921,1.28566860666119
-1.15950750541974,-0.267985456045711,-0.204812347268757,-0.512769314778501,0.807000915791631,-0.99225544913766,1.28374296714601,0.659071775064422,-1.56780723938303
0.454280307549209,0.518385756312636,-1.05520684839076,0.0257535016779755,0.2836619388471,0.248920651563191,0.857391638454236,-0.677489598680985,1.36036662843207
0.590472484436984,-0.874144357449114,-0.360270832124325,0.389816135321454,-0.583935305001951,1.52537553961687,-1.0170657433052,-1.8172700157064,-0.958404996906266
1.39194526589898,0.830267736968553,-0.33131882849895,0.783897325602915,-0.131299002890685,-0.00433296720236265,-1.16168989667885,-0.800071509666607,-2.16359723264245
-0.66790998903869,0.0295854247397465,-1.84422991415051,-1.74886711222739,-0.00859237372151056,-0.910305014174246,-0.885891757142452,-2.28918222109286,-1.08429928395707
1.89162696759693,1.10120749820198,2.05118393286248,-0.714593937278506,-0.241903793636788,-0.181806546299124,-1.06470936695803,-0.428351745385596,-1.05745019396553
-0.70126177019372,-0.294743175674817,-0.0605306682267358,-1.09487275987864,-0.761810550033171,0.0819221010812579,-0.0248266202790393,-0.818016125669182,0.618270728862095
0.230354295960165,-0.909770146096853,1.00083797232586,0.552185115287003,0.072220301418865,0.753547092169699,0.202174322688999,1.40035228613736,0.894450657825957
0.0296332613024047,-0.894378910496924,0.368910156221426,1.01242480279206,0.421947727121816,0.799915356646828,-0.0153192861791994,-0.480931478333764,0.253581043336932
0.656195724799342,1.58409387543529,-1.23813677577437,-0.923347055287888,0.268413833370834,0.0294544584226085,-0.105140188400879,0.146615000245048,-0.349331479228858
-1.24026163776702,-0.156937181339276,-0.443624565714512,0.0351936629429089,0.109908680130799,-0.288728788047396,-0.0846083419367565,0.0273980182863559,1.20260721975135
0.643885249372056,1.02028216560038,1.39144577777642,0.163845030553519,-1.13132459824467,-1.57923660651511,1.07378961751852,-0.545806568012048,0.978382318159866
-0.878570685947031,-0.531733711122688,-0.259237942094915,-0.23688582499803,-0.42773840430665,-0.890796962586202,-1.41506990996742,-0.955318747402115,-0.848256894716857
0.356322253510994,1.25170890351514,0.478761038902526,-0.319645513421541,0.0789080545348246,-0.230018599619705,0.227926778852529,-1.46200730759654,-1.10744474750024
-1.00151911994712,-1.97762029261127,-3.010442468839,0.173625586047378,-0.274193490125542,-1.11241187179353,0.749307874382113,1.49241047699883,0.321946653727971
0.325955257794432,-0.237053210989018,-0.0640244891956961,1.01279487907346,0.69181327982285,0.104766301001636,-0.532427429047166,-0.214072122539184,0.222362354399462
-0.194568939079438,-1.22774392435726,-0.612107925045058,-0.195576575194255,1.09487799228846,-0.278588278312128,0.196342460148399,1.17980721488275,-0.0807575194067515
0.243850751413485,0.802564628784757,-0.566740260504726,0.0126025214361071,1.28464230874914,0.351345672857804,0.57650442277709,1.53995175690272,0.94292871185714
-0.220351422858164,-0.103254119228482,1.07219026009339,-0.25867300577804,-0.0357549258581067,0.306879076122012,1.20808518478102,1.01086179177691,0.808089686250966
-0.0748621176979102,1.07529596851532,2.05189982619926,1.71986583602569,1.33424101119348,0.698927719635113,0.319850186833972,0.0538521141598238,0.294202816840531
-0.947332452024276,-0.991146252856105,-1.52469223227895,-0.456793665023753,-0.691082811419977,0.975246862184338,-0.809252891771293,-0.997836747842809,-0.553133268255683
1.17577444102245,0.850588737247083,0.144550336653001,0.228906629884087,-0.226773680165818,-0.412600313504414,1.70908136138176,0.819549846254829,1.16990673321507
-0.297936245969796,-0.750099064232359,-1.12588511654138,1.55382475192315,-1.169020526615,1.21192867386441,-0.0393632878415811,-0.815217388188739,-0.800386966120634
-1.8265164530681,-1.58940796178594,-0.00228711331026255,-1.07448673329008,-1.69815984126485,-0.776766248140847,0.581899855833164,-0.559071103403349,-0.472280174353624
-1.30016744003724,-0.775279568402549,-0.399795458575827,0.330829582009312,0.692031901457197,0.803062667587936,-0.0602551330553517,-0.484981781388863,-1.24746815946762
1.03474075558272,0.160284173951849,0.385136503998994,1.83837117064978,1.09976378646389,1.50067047096994,-0.0792734733137551,-0.406991888965601,0.614615666595149
-0.0656917339679852,1.07454681952824,2.24330170381459,1.63516339542897,1.1654126277386,1.8267527961612,0.925253601014583,0.824082877428129,0.892535482490057
-0.656287743744353,-1.9385605925631,-1.51642087755337,-0.561431973159057,-1.64015915514667,-1.36414449323194,-1.56186146494313,0.838297100301248,-0.397194238658729
0.77569009101909,0.390854454088418,0.0377816378528061,-0.142977672624975,0.201404785026232,0.216387198035085,1.75347829065863,-0.189002794816925,0.963084793697195
0.907000064686696,1.27681125064731,-0.169283934597463,0.365639051012241,0.810785030053385,0.163827472635369,0.865198392006389,1.84240217426197,0.618631493161381
-0.699555691622204,-0.0200681243053499,-0.511171995622599,-1.13890348932848,-0.316671114030295,1.19933096455355,-1.02670314206982,0.231364906885328,-0.142263416464548
0.675068279371781,-0.435213313949253,0.626597975223888,-1.48493171815397,-0.5148227448781,0.127345415253055,0.730307972657464,0.464637254675976,-0.457854738574052
-1.18048705018328,-1.21743701690405,-0.698306940365162,-0.979030421309333,-0.082907408010708,-0.730519317304099,0.127054064967262,-0.666470928808043,-1.03025839390385
-0.323513158841701,0.578305731704455,-0.211035472605347,-0.96484614268599,-0.78088979035374,-1.12770926665316,-1.00875527545627,-1.56539963184991,-1.29071456502008
1.86267755919601,1.41545554887643,-0.478412963268089,-0.599963715897197,-0.288747088273708,-0.462071633250621,0.587722839103812,-0.292055937139037,-0.373761803837998
0.938901968544715,-0.0050167817070299,1.02456520627289,1.58334606929727,1.36687518483025,0.951667329292968,-0.0131705679545886,-0.654960482730454,0.615016575937095
-0.0176667371213217,-0.473331500041969,-0.545078820284194,0.364787764507735,0.207681810636625,-1.02701853084392,-1.22800626553368,0.646073336944219,-0.128334536891697
-0.193805704009063,0.0431145712041818,0.532841216945419,-0.673042199036516,-0.306631216996752,-2.13034064748708,0.56956647163547,0.829797525867763,-1.12587503789416
1.01446617026569,0.162682521989041,-0.370273688218776,1.28593485782136,1.3970782863702,1.12515900179422,0.953599842293483,1.02300506650868,1.57000639785306
-1.31934652704117,-1.58812882624874,-0.502900877942784,-0.394958693940193,1.18097347957769,0.117302899356733,0.514720813063721,0.317243762489465,1.34109060422549
-0.670456984857332,-0.567309794773507,-0.709693415704227,-0.0374837957044682,-0.734715839777415,0.00866598195687932,-2.66309856828119,-3.43383086711407,-1.96033456964871
-0.966006210290265,-0.582187464813711,-0.104560728561014,-0.0132634218758437,0.699838095089062,-1.2815061994948,1.77838166248525,1.57114580950369,1.42612589127445
0.644179925317081,0.275628136489259,0.424234095421935,0.0673735108617816,0.998200050735839,-0.640069008026945,0.284114042993076,1.26023832912613,0.762526122604192
-0.152458410124235,1.14105852282327,1.74698309951607,-1.35171030952381,0.785592453111695,-0.0918774431142845,-1.01424270081593,-0.439263324634015,0.544542605169034
0.715767595186314,0.3554635724448,0.840977405642053,-2.40876303765145,-1.38414876454833,-1.44434123413794,0.691964400990499,-1.31617706237368,-0.448886008907522
0.164409561063138,0.999635346187182,-0.719112872845691,1.80515654358078,0.0771464954507773,1.24413610475864,0.591855890822919,0.725296145820787,-0.0123229012042256
0.658690092193398,-0.373787341024834,-1.18448219878006,1.08112766904914,-0.878101433423082,-1.29884255776575,-1.15456389219414,-1.34144443032047,-1.13965256499317
-0.0873752687151035,0.395491284824069,-0.0735979165598486,-1.17657767336072,-0.980620088993523,-1.49873904322837,1.17886668299288,0.892083190988885,1.3092568433509
2.1482109300308,-0.880914670955034,-0.771278724086987,1.31793853613922,1.27446138010885,2.66350662318557,0.358486661000569,-1.24286484150442,-0.104831126368166
0.978759176203241,0.744795052865723,-0.304720713010672,-0.615086155107497,-0.140779984884435,1.12203188265676,-0.561269739371327,0.666997946033245,-0.914689869700674
-1.80340377855068,-1.53485894048441,0.214390334151852,-1.80950895497863,-1.1436375041773,-0.212395511382617,-0.359838777248527,-0.227361862206822,0.208348451215967
0.123092396165659,1.10040500374831,0.997290899886053,-1.30383494847176,0.713186849051354,1.29539518182113,0.411900660996686,0.324800740258618,0.290378054329567
1.99838265298498,1.04334240594006,1.60880499718038,-0.00854636691056043,-0.577522739920049,-0.411286848339277,1.43242895006758,1.55290615225584,1.48753183872978
-0.2720126505315,0.0176010947851982,-1.64736629493365,-0.337894856941388,-0.291708252965546,-0.635306736485215,-0.676610976383495,-0.311128229108002,0.374982891269099
0.883788520960329,1.22056337309806,0.15174149636352,0.387391597297903,1.06505987600675,0.720550802992673,0.856516031758627,0.923010772536421,-1.24516261994051
0.0595695118798694,0.0401122441680656,0.854647006808411,-0.631017813134346,-0.194161089494969,-0.759079807720992,0.74368243140825,-1.65714230348634,-0.627179967416389
1.03634603202504,-0.863883191373061,-0.500317222035285,-0.648508020825061,0.305171248357866,-0.121368256904204,-1.2105215193623,-0.743551021524252,-0.523813494068879
-1.87576536396686,-2.02515392492169,-2.94297497803284,-2.76897166090152,-2.0589760711722,-2.54242495611707,0.134563028903411,0.170960769765477,-1.6847256133696
1.04522061326122,0.0608587815240013,0.990167879004099,1.64848200620146,1.10703522451742,0.688425027681735,0.0654943312980426,0.0858260091869584,0.992114802627365
-0.135178159830722,-0.108655405611477,0.194437821726156,0.971167764685458,-0.0615993354130989,1.15428199311405,-1.39313955955092,0.425054225571976,1.36979137745134
1.92545395307855,2.36677888357565,1.74807041364481,0.378176556578617,0.0851153452060884,-0.262698093589193,1.55314786287992,1.24887546681617,1.48047155789319
-1.07140989666882,-0.00722439074712011,-1.05985932203548,0.0927588513241899,-0.563618690011303,-0.69886645952723,-0.351471148812573,0.0793885498229982,-0.436180219020872
-0.384209292399531,-0.303770388568085,0.020622396546686,-0.0970880636221114,1.29361750458961,-0.496823355447885,1.19326625215192,0.695072289434291,0.00424541304776808
-0.330175522537594,-0.568569273166982,0.533917206394786,0.00259809726427784,0.867475916572133,1.57933659008304,0.186828715919825,1.6324917625149,0.331067191938555
-0.24806707198878,0.488252357913225,0.34472868224318,0.232966616778969,-0.0728484724071373,0.00402859129678872,-0.0201004350389331,0.316046969725536,-0.865039142334589
-1.2466445923752,-0.396653192342161,-1.31278457296646,0.101444410419953,-0.360269923561137,-1.32858495666807,-1.46193608101612,-0.281871172385606,-0.207557148159773
1.15618022424584,1.86395757513306,0.583642957721914,0.0305144630306587,1.36424297023058,0.669267210016862,0.967339222526759,1.75426754351974,1.4060141296793
0.74190416057553,0.514344836626187,-0.0267336157603744,0.125398475839634,-0.054806519873478,0.0131302621986287,-0.93301653823963,0.608957066631798,0.493079174821595
2.27966463244797,1.3677230116255,1.79520786092819,1.9372751795312,1.57665743970816,1.28983506628773,0.263426800913581,1.71426390115511,2.11230206208043
-0.956239592011688,-0.157715909984532,-1.33128071185603,0.184689646368189,0.938861865961109,0.512837210620197,-0.926425664096821,-0.575474008569808,-1.12671830165103
0.71864648771421,0.907683112029715,0.10507697806576,-0.789265710842996,-0.452679102102139,-1.53206895900155,-0.293379431923819,-1.56380847152058,-1.6222968700546
1.38620857422255,0.654703556593134,1.3744385658776,-0.547819607257172,0.107850913508278,1.54022342791952,0.0823851986061275,0.533809448904453,0.728019206551183
1.9861609999929,1.49395647139811,1.84863436720557,-0.600802010150634,-0.298551916267222,-1.15564708751077,0.737021058889876,0.0912654534452997,-0.580044775912932
-1.45086628054682,-1.86703750758658,0.0987484435957516,0.71468824060028,1.08603948319664,0.275224400066909,0.310927159038226,1.67745646596312,0.692907840340625
0.338104591578507,0.243462690680427,0.324335370693825,-0.636682113058328,-1.53825403428666,-1.08439461931271,-0.735263536791708,-0.0505463123140962,0.951725261573104
1.4355509931036,-0.628980264945551,0.438096334128982,-0.802536439410169,-0.318897330267105,-0.422384241413042,1.19626358139177,0.0170224214699043,-0.114766169741728
0.364224708471054,0.080825513622154,-0.0345236998389599,0.997901267551015,-0.282274675200086,-0.178471371885824,1.15788810375392,0.0909012399583442,0.176935112333223
-0.985052902872446,-1.6001107376459,0.00195969588264711,0.171930964324342,1.53344254638111,0.875119199657544,1.03773530372903,0.0955838395030564,-0.249692066460055
1.43188186873799,0.977617177189336,-0.703873575725646,-0.141113512758033,0.109255917417154,1.23507297239548,0.512065539478724,0.605955879513281,0.665422625353027
-0.463968145355631,-0.73577304173079,0.729226879573445,-0.306831271484359,-0.691738269448163,-0.749047140311636,-0.6350625724794,-1.30636453291799,0.125660415533296
-1.48896511599801,-0.389503925983187,-0.496687289011335,1.24367814227267,-0.137133964500262,0.302553207037255,-0.463175061150945,-0.254096480968544,-0.950169048849246
0.440155794209075,1.14603586327726,1.27367898980124,-1.50529975735157,-1.18329757482289,-1.87718847228091,-0.451498808635567,-0.328828587127781,-0.824647874253617
-1.18220375516566,-0.472474570176221,-0.0290077862723154,-0.797826400474261,-0.485699831948814,0.700254052184417,-0.363217157569235,0.264408664005497,-0.0714379331001773
0.715983846015061,0.455805396942385,0.213011679836748,-0.50755696900924,-0.836746420928503,0.134974771209097,-0.105462636996678,0.0839637214366205,0.11953475329938
1.05381303064069,1.55625614525266,2.3349218378083,1.17435448732094,0.113892867304798,-0.154047382485504,0.525585109861977,0.724834714977442,-0.690964685892952
0.0601954078627193,-0.992044016233435,0.717065736078981,0.548119545991663,0.422160856062221,-0.568629549871224,-0.483628011436881,-0.707767090991147,0.53429357452086
-0.555958662046807,0.827452887093497,-0.865971627522358,-0.0761477995837642,-0.868769559246126,0.645384692235786,-0.0949520545114074,1.47045966947509,0.368537869702326
0.603657958919679,3.34299277393066,1.72021320943983,0.355588402441902,0.966422744021998,1.41835225884738,1.46176363240958,1.46268186691716,2.19976970032092
0.824101114359383,1.37057224693828,1.54648981178399,1.33315584251427,2.80576769850769,2.59997368199994,-0.00462289210358555,-0.843874733247957,-0.162517455605928
2.33725360792241,2.53324613819539,3.56711668830265,0.182632095804584,-1.14748853208726,-2.33395973270943,0.0411802465650349,0.289408991515167,1.04590298669621
-0.2744745105939,1.90616125678415,1.21697756709449,1.15806579516567,1.69414123231341,1.49911137502766,-1.05490019916807,-1.65263104847064,-0.551592849449294
-0.411396111474822,1.15504731871112,-0.822385877949827,-0.0781356955882305,0.739355797128417,0.523385423095684,-0.572681344231826,0.132618866307294,-0.792105163109325
0.640426216464233,1.14604560940995,0.191952453364856,1.87479830472957,0.641698978974588,0.748289849493614,-0.206710456852321,0.394843839148111,0.908215347961328
0.277040835145798,1.2296618958348,0.83831866262226,1.33198366918807,1.03700408841483,0.410655825222096,1.61074894453943,0.525356034914213,-0.449481278865178
0.285433581175922,-0.615572808819726,-0.568053289812503,-1.1549695823097,-0.480504234567182,-1.53202490107014,0.284906559339014,0.738451811002119,0.387657932417047
1.20559120637221,1.32081034337303,0.333520386856726,0.478179710344018,0.220342425849191,0.395675343727139,2.34830118147523,2.00901169989444,0.0822773111568551
-1.27568993023513,-1.58746147064159,-1.97654307266765,-0.292075947058915,-1.61828245783165,-0.672206467094191,-0.641007170795521,-1.36808731601509,-0.378944291614108
0.639995475483383,1.59839601128362,0.421039024783249,0.653454777647558,0.821924366366859,-0.664459213561612,-1.80060620720726,0.3078958785061,-0.649507701400447
0.821809843472882,0.70443526166441,1.87259289412868,0.30931252439247,0.0648138169532101,1.24672536515915,2.71194690817164,1.44252543984233,2.22611928334061
3.49978189919628,1.31473765193697,1.8915151554506,-0.300972045515561,-0.268356904003813,0.235630898701745,-0.202991948760646,-0.177268071701825,-0.74419416675128
-0.118976197504666,-0.914298068088306,-0.530537879250549,-1.37467169191114,0.950185115190556,1.61316404306297,1.68961786256176,-0.0767225669686281,1.20792643850841
-0.512310240685278,0.182464082784829,0.342721720268899,0.434725822999179,-0.660577484827199,0.922110020453235,-1.08442156059208,1.63571849701076,-0.906325046912971
-0.368993569336661,0.0822826326699539,0.882870875591511,0.04428957465719,1.52859025500595,2.01957100103287,-0.00527999148189597,-0.392692227094113,1.28354183732326
0.632671250429196,-0.646997598736601,-1.06369833765292,0.956080565159463,2.26755454175237,0.477664730735285,-0.536320788984546,-0.244099688097918,-0.199067391696507
-0.62189414144971,0.0826737260949972,0.411106664842925,-0.537048457119616,0.00318811958975669,-0.573750036252088,1.57036906354243,2.010436456824,1.12728748594712
